ACC-X-Ring1,ACC-Y-Ring1,ACC-Z-Ring1,GYRO-X-Ring1,GYRO-Y-Ring1,GYRO-Z-Ring1,ACC-X-Ring2,ACC-Y-Ring2,ACC-Z-Ring2,GYRO-X-Ring2,GYRO-Y-Ring2,GYRO-Z-Ring2,TEST
-0.28,3.77,17.4,-14.7,-10.4,-252.15,9.68,22.53,0.62,-51.56,-197.27,-14.45,1
2.83,-9.27,20.62,-6.98,-18.65,-61.96,2.56,18.23,6.58,-18.7,-33.79,10.89,1
2.45,-6.41,21.63,-3.96,-8.01,-2.83,2.21,18.03,6.04,-6.98,0.39,3.47,1
5.7,-11.88,21.91,7.23,7.37,123.44,5.84,17.93,7.89,26.56,72.31,23.97,1
-0.03,0.94,17.03,49.71,23.83,194.29,3.16,23.46,-0.09,86.52,114.36,37.11,1
-4.32,8.23,20.86,20.46,-21.34,47.95,-0.17,18.83,-6.51,14.79,36.08,6.84,1
0.07,1.72,22.01,-11.72,-4.15,1.76,3.84,20.36,0.17,-13.13,-0.49,2.0,1
-0.57,-0.05,20.82,-6.64,-1.32,-0.44,3.55,19.53,1.19,-3.42,1.9,0.73,1
-0.77,1.72,21.2,0.34,0.15,-3.52,3.77,18.68,0.44,-1.51,-4.39,-0.1,1
-0.92,1.23,21.15,2.15,0.05,0.39,3.1,19.04,0.07,1.71,-0.78,-1.12,1
-1.03,1.11,20.88,-0.63,2.1,-0.49,3.31,18.96,0.2,-0.93,-1.37,0.05,1
-0.83,1.1,21.22,0.83,-1.27,0.63,2.97,18.97,-0.06,-0.29,0.1,0.2,1
-0.81,0.89,21.13,-0.98,-0.93,1.07,2.96,19.22,-0.02,-1.17,0.44,1.22,1
-0.61,0.96,21.59,0.29,0.39,1.86,3.1,19.69,0.32,-0.78,1.37,0.05,1
-0.97,0.87,20.88,0.78,-0.73,0.63,3.11,18.77,0.16,-0.98,0.29,0.73,1
-1.0,1.23,21.11,0.59,-1.46,1.61,3.34,18.98,0.12,-1.03,0.88,0.78,1
-0.78,0.9,21.33,1.51,-1.86,0.93,3.42,19.09,0.48,-0.88,-0.1,1.86,1
-1.02,1.17,21.07,-0.1,-1.17,1.07,3.21,18.92,-0.05,-0.34,0.44,0.59,1
-0.83,1.2,21.43,-1.61,0.78,-0.54,3.22,19.33,0.1,-0.93,-0.15,-1.17,1
-0.79,1.04,21.23,1.07,-2.69,0.78,3.15,19.04,0.16,-0.68,-0.15,0.78,1
-0.67,14.36,20.42,-31.88,8.79,-238.67,2.5,19.85,8.05,7.18,-46.0,15.33,2
4.18,-6.56,21.74,29.2,-4.49,-73.83,1.98,18.37,5.92,-2.44,6.15,16.8,2
3.88,-4.33,22.3,8.01,-21.78,7.18,6.37,14.71,4.98,75.88,121.78,-0.73,2
8.41,-8.01,19.4,47.02,38.53,173.97,-2.76,20.34,-6.51,40.92,109.47,2.78,2
-4.73,9.1,19.39,38.43,-8.64,128.96,2.7,20.81,-3.06,2.0,-2.05,8.74,2
-1.06,6.87,21.95,12.89,-2.83,13.28,2.38,19.04,0.0,-3.91,0.29,-2.73,2
-0.03,0.75,20.97,-9.81,0.24,-0.59,2.33,19.86,-0.78,-0.68,3.22,-1.22,2
-0.62,2.18,21.41,-2.44,1.9,4.2,1.95,18.86,-0.15,-2.05,-1.17,-1.51,2
-0.9,1.27,20.78,-2.88,1.12,-1.22,2.98,19.36,1.07,-2.64,-0.83,2.93,2
-0.62,0.83,21.25,0.15,-1.56,2.2,3.11,19.1,0.53,-1.27,-0.44,-0.15,2
-0.72,1.23,21.24,0.05,1.07,-0.63,2.46,19.02,-0.16,-0.0,-1.22,-0.83,2
-0.76,1.74,21.26,-0.78,1.32,-0.98,2.81,18.96,0.25,-0.15,-2.2,2.49,2
-0.73,1.25,21.13,0.54,-1.86,-0.98,2.8,19.79,0.28,1.51,-0.59,1.61,2
-0.69,1.42,21.45,3.17,-2.83,1.12,2.48,19.04,-0.04,-0.39,-0.54,0.0,2
-0.7,0.92,21.21,-0.68,-0.44,0.2,2.52,19.23,-0.6,-0.1,0.1,0.49,2
-0.81,1.87,21.2,1.51,-0.98,1.27,2.43,19.28,-0.09,-2.15,1.27,-0.83,2
-0.77,1.16,21.12,-1.61,-0.29,0.54,2.41,19.22,-0.38,-0.05,0.93,0.05,2
-0.92,1.35,21.25,0.88,-1.46,0.59,2.27,18.79,-0.38,-0.73,1.32,-0.83,2
-1.1,1.29,20.88,0.2,-0.24,0.63,2.39,19.15,-0.38,3.71,-0.34,-0.15,2
-0.88,1.26,21.21,2.64,-0.88,-1.22,2.44,19.23,-0.44,0.1,-0.2,-1.17,2
6.79,-10.36,25.31,17.24,-9.42,-119.82,3.64,17.8,6.06,-4.83,-10.06,10.3,3
4.99,-5.79,23.8,11.67,-25.59,-30.42,7.05,20.78,7.26,37.26,51.81,36.23,3
6.9,-2.24,24.42,39.21,-0.59,139.31,4.63,23.05,-0.14,85.16,149.12,27.34,3
4.36,3.13,17.26,46.78,49.56,226.76,-0.3,19.28,-7.62,11.47,44.73,-5.42,3
-3.95,8.82,20.59,12.4,3.37,49.32,2.69,19.83,-0.63,-6.25,3.76,0.15,3
0.06,2.17,21.21,-3.47,-2.2,4.74,2.89,19.51,-0.24,0.78,-4.59,4.44,3
-0.07,1.84,21.21,-0.44,-2.39,-2.05,3.45,19.91,0.4,-1.42,-5.62,4.25,3
-0.58,2.23,20.53,-0.29,-1.07,-1.86,2.53,19.34,-0.81,-0.63,-8.45,3.22,3
-0.27,1.85,21.16,-0.68,-5.22,-1.61,2.48,19.19,-0.91,-3.13,-1.27,-2.83,3
-0.41,2.05,21.15,-6.2,-0.68,-1.27,2.56,19.26,-0.85,-0.73,-0.68,-1.17,3
-0.48,1.94,21.2,-1.81,-2.05,-0.88,2.86,19.77,-0.57,0.15,-0.78,-0.24,3
-0.1,1.82,21.59,-0.0,1.42,1.95,2.68,19.28,-0.53,-0.05,0.2,-0.44,3
-0.46,1.83,21.19,-0.29,1.42,0.0,3.03,19.32,-0.27,-0.63,0.73,-1.03,3
-0.62,1.91,20.96,0.39,1.37,2.1,2.85,19.46,-0.43,0.05,-1.17,-0.1,3
-0.46,1.49,21.28,0.73,0.59,-0.1,2.41,18.94,-0.75,-3.37,1.03,-0.68,3
-0.59,1.58,21.31,-3.61,-1.61,0.24,2.45,19.14,-0.67,-1.17,-0.2,-0.93,3
-0.77,1.87,21.1,-1.17,0.39,0.39,2.3,18.88,-0.61,-0.73,0.68,-0.83,3
-0.66,1.48,21.13,-0.2,-0.73,1.42,2.57,19.34,-0.28,-0.29,0.24,0.63,3
-0.64,1.29,21.29,0.39,-0.2,0.78,2.56,19.02,-0.24,-0.98,0.63,0.29,3
-0.83,1.24,21.1,1.17,-0.49,1.76,2.69,19.38,-0.37,0.63,-0.34,-1.71,3
6.7,-6.23,14.1,-89.5,-71.53,-229.3,11.29,16.89,8.58,-115.63,-217.82,-13.43,4
4.7,-8.39,18.76,5.91,1.22,-10.21,4.58,19.55,11.33,3.03,-21.09,2.69,4
11.06,-10.93,21.39,63.53,48.73,170.85,7.32,15.74,8.45,68.85,72.56,23.63,4
-6.06,9.56,20.27,16.99,-6.69,100.63,-4.05,19.29,-6.81,22.17,134.86,-9.42,4
-2.46,3.16,20.01,-3.17,-6.84,5.52,0.38,19.09,-2.5,-1.12,-0.59,6.84,4
-0.29,0.16,22.76,-0.34,1.17,-0.24,1.46,20.75,0.31,4.49,-7.91,5.62,4
-1.51,2.47,21.81,10.11,0.93,6.3,1.16,20.17,-1.49,8.5,0.93,2.49,4
-1.95,2.8,20.76,-0.15,-0.29,-0.24,0.95,19.32,-2.21,2.05,-0.44,-1.27,4
-1.75,1.68,20.32,-0.29,-5.66,-1.66,0.77,18.52,-1.26,-1.56,-2.59,2.69,4
-1.51,1.8,20.95,-0.93,-2.59,1.22,0.91,18.99,-1.38,-0.73,1.76,1.66,4
-1.53,1.68,21.26,-0.59,-2.83,2.29,1.07,19.43,-1.44,-0.88,0.73,0.1,4
-1.32,2.04,21.3,0.54,-0.98,1.32,1.41,19.53,-1.69,-0.98,1.27,0.49,4
-1.11,1.68,21.17,-1.51,-0.78,-0.1,1.3,19.4,-1.51,-1.17,-0.59,-0.49,4
-1.09,1.5,21.28,-0.63,-1.61,-0.2,1.14,19.01,-1.38,-1.03,-0.24,1.17,4
-1.43,1.75,21.24,0.05,-1.07,0.88,1.02,19.37,-1.63,-0.44,0.63,0.54,4
-0.95,1.44,21.71,0.83,-1.56,0.83,1.39,19.42,-1.13,-1.12,0.24,0.83,4
-1.48,1.63,21.04,-0.63,-1.61,1.51,1.05,19.4,-1.72,-0.73,0.39,-0.39,4
-1.37,1.5,21.21,-0.2,-0.59,-0.59,1.11,19.46,-1.24,-0.83,0.05,0.1,4
-1.28,1.32,21.01,1.27,-0.98,1.37,1.26,19.19,-1.15,-0.68,0.59,0.29,4
-1.15,1.23,20.96,0.63,-2.25,1.46,1.25,18.97,-1.3,-0.93,0.1,1.12,4
7.81,-2.94,16.74,-100.39,-43.31,-253.86,10.45,15.11,8.86,-117.92,-172.71,-8.74,5
3.76,-8.89,18.27,6.64,3.22,-15.77,2.22,16.51,8.26,-0.29,-3.08,3.27,5
3.33,-6.2,21.53,8.11,-1.17,61.67,2.02,18.79,5.88,9.62,36.57,5.66,5
4.5,0.42,19.11,73.1,57.81,217.53,5.15,21.11,4.09,70.8,162.65,-0.1,5
-7.03,9.59,20.43,26.46,-11.38,58.15,-2.2,20.11,-5.06,8.35,23.0,18.31,5
-1.29,3.19,22.15,-2.59,-1.95,4.3,0.67,21.05,-0.94,-9.03,-0.39,1.86,5
-1.18,0.14,20.92,-1.12,-0.29,-3.27,1.41,19.11,1.97,-1.76,-5.52,2.78,5
-1.33,2.33,21.9,4.1,-2.83,0.29,-0.07,20.48,-1.35,2.88,-2.49,1.9,5
-1.43,0.81,20.89,-1.56,-2.69,1.95,-0.05,18.79,-0.37,-1.03,1.61,0.49,5
-0.89,1.32,21.47,2.0,-3.42,0.93,1.12,19.83,0.35,-2.54,-3.22,2.54,5
-1.35,1.84,21.33,0.44,-0.93,-0.49,0.71,19.21,-0.09,10.6,-1.17,1.66,5
-1.39,2.02,21.23,1.9,-1.56,1.07,0.73,19.31,-0.41,-1.76,-1.37,1.56,5
-1.26,1.55,21.16,-0.54,-2.05,1.07,0.19,19.26,-0.41,-1.27,-0.29,0.29,5
-0.45,1.44,22.26,4.39,0.93,1.17,0.43,20.45,-0.73,7.42,-1.22,-4.39,5
-1.82,1.84,20.84,-2.73,0.2,-0.73,-0.06,19.03,-0.91,-2.88,-3.52,-0.54,5
-1.01,0.93,21.07,-0.39,-0.83,-0.93,0.1,19.32,-0.52,-0.59,0.39,0.2,5
-1.33,1.45,21.12,0.54,-2.44,0.1,0.14,19.45,-0.83,-0.39,-1.12,1.71,5
-1.25,1.29,21.28,0.1,-1.9,0.93,-0.04,19.63,-0.97,-0.0,0.24,0.78,5
-1.41,1.46,21.13,-0.59,0.39,1.22,0.21,19.26,-0.89,-1.56,0.83,0.0,5
-1.63,1.34,20.87,0.24,-0.78,0.68,0.03,19.38,-0.82,-0.39,-0.29,1.66,5
7.49,-11.49,21.48,16.16,2.25,-61.23,-0.9,19.19,2.49,4.83,4.74,-2.98,6
3.06,-4.8,22.24,13.48,0.0,17.72,7.84,17.12,9.6,61.47,94.63,-3.91,6
-1.46,-3.43,21.56,1.42,7.03,7.57,-6.81,17.11,-9.78,43.8,151.86,3.86,6
6.78,-11.9,19.97,30.71,31.35,112.99,-0.43,20.95,-5.71,-8.59,14.99,9.96,6
-6.09,8.23,16.93,49.56,-11.08,174.66,-0.36,18.83,-0.8,-4.93,-12.55,-6.25,6
-3.03,8.11,22.4,2.98,-15.28,16.75,-0.29,19.47,-1.86,-1.22,-3.27,3.42,6
-1.65,2.04,21.13,-9.67,1.76,-5.91,0.15,19.62,-0.74,-2.49,-5.96,-2.1,6
-1.58,2.37,20.89,2.05,-2.2,2.88,-0.39,19.17,-1.21,-2.54,-3.37,-0.98,6
-1.2,1.77,21.25,-4.2,0.15,-2.88,-0.14,19.69,-1.09,-0.68,-2.0,2.64,6
-1.27,1.67,21.0,-1.95,-0.78,0.59,-0.26,19.37,-1.12,-0.68,-0.05,0.39,6
-1.45,1.55,21.05,0.63,-2.25,1.17,-0.1,19.53,-1.34,-0.15,1.56,0.88,6
-1.43,1.45,21.1,-0.05,-0.29,1.27,0.51,19.86,-1.1,-1.76,2.39,1.27,6
-1.37,1.96,21.16,1.56,-0.2,3.08,0.29,19.21,-1.37,-0.54,-0.68,0.54,6
-0.69,1.78,21.62,0.15,-2.15,2.93,-0.18,18.64,-0.78,-1.17,-2.34,4.25,6
-1.16,1.94,20.77,-1.27,-1.32,-0.49,0.8,21.93,-0.47,4.0,-0.54,9.38,6
-1.84,1.39,20.58,-0.1,-2.93,-1.56,0.82,17.36,-1.82,-7.23,1.9,-14.94,6
-0.46,1.73,23.62,10.4,-6.49,2.29,-0.35,17.23,-0.94,-4.35,-3.03,0.78,6
-1.03,3.13,19.28,-8.2,10.6,0.98,-0.26,20.85,-0.89,-1.32,-0.44,5.27,6
-2.1,1.2,18.68,-5.81,-2.44,-2.29,0.04,20.07,-1.23,-2.54,1.42,-5.03,6
-1.47,1.32,22.13,-0.83,-7.32,1.12,-0.13,19.26,-0.68,-2.69,0.1,-2.1,6
0.15,7.42,16.19,-62.55,48.54,-286.08,6.46,19.66,-5.18,-51.76,-252.83,-35.64,7
3.79,-10.61,20.9,13.18,1.12,-54.79,2.22,18.1,9.47,-12.06,-37.3,21.53,7
0.31,-8.47,20.47,7.03,-4.49,2.29,0.76,17.82,6.8,2.49,15.58,9.91,7
0.11,-10.0,21.39,1.95,-5.57,47.31,2.0,17.45,5.47,13.62,20.17,-5.57,7
5.46,-7.92,16.22,22.27,14.6,222.27,7.64,18.11,8.4,53.95,172.07,-7.47,7
-6.04,8.74,20.57,31.69,-53.71,66.85,-4.19,18.7,-5.88,-4.98,69.87,13.28,7
-1.43,2.77,21.53,-2.78,-11.43,1.56,0.19,20.86,-0.39,-9.96,5.86,13.72,7
-0.37,0.38,21.82,0.98,-8.06,-1.51,0.18,18.82,2.49,-4.2,-5.81,8.94,7
0.09,1.68,21.63,5.52,-3.91,2.0,0.87,20.44,0.23,1.56,-0.88,9.23,7
-0.64,0.61,20.33,0.39,-3.22,-0.2,0.44,18.79,0.43,-2.39,0.59,5.96,7
0.93,1.46,21.84,3.81,0.59,2.73,1.84,19.85,0.98,0.1,1.12,0.59,7
-0.36,1.41,19.57,-4.54,-1.32,-1.42,1.36,18.21,0.05,-4.25,0.39,1.95,7
0.21,1.82,21.69,-1.66,-3.03,-0.83,2.29,20.03,1.06,-2.3,-2.88,3.66,7
-0.01,1.53,21.8,1.22,-3.27,-0.68,1.22,19.82,0.53,0.78,-2.29,2.34,7
0.44,0.84,21.79,-1.32,0.05,0.98,1.58,20.03,1.66,-1.51,-0.2,-1.27,7
0.34,1.13,20.42,-3.52,1.42,2.2,1.44,18.12,0.42,-2.59,2.73,-3.96,7
1.28,0.76,22.89,-4.35,16.41,-1.76,2.11,18.84,1.4,0.83,-3.66,0.39,7
-1.58,1.41,21.88,-1.95,12.7,0.15,1.08,20.17,-0.01,4.1,-1.07,-3.81,7
-1.33,0.76,21.21,1.56,-9.08,-7.28,1.35,19.37,0.83,-4.64,-8.89,5.86,7
-0.86,0.33,21.87,2.0,-3.12,-2.54,1.31,19.52,1.16,-2.93,-1.12,0.83,7
1.15,8.89,20.42,-70.7,32.91,-251.95,5.1,15.24,10.95,-82.67,-61.23,15.04,8
7.2,-16.21,19.49,-20.41,-30.03,-87.11,2.57,17.45,6.49,7.18,13.48,10.21,8
3.16,-11.08,19.34,11.72,-1.66,43.6,3.68,16.79,3.17,63.77,146.73,-0.39,8
4.79,-2.6,18.4,64.75,24.17,195.8,-3.43,20.93,-6.99,24.76,95.46,20.41,8
-4.85,8.19,20.73,20.65,-23.19,69.19,4.4,22.35,-0.08,-1.42,12.11,11.67,8
-0.84,4.12,22.17,-1.27,-5.03,16.75,0.49,18.87,-1.72,-4.83,12.11,-10.79,8
-0.56,0.03,20.84,-6.1,0.34,2.34,-0.01,19.23,-2.41,-0.54,-18.8,0.88,8
-0.95,1.26,21.18,-3.71,0.0,-10.94,0.77,18.57,-0.29,-5.76,2.98,-5.81,8
-0.86,-0.54,20.41,-3.27,-3.22,1.81,1.15,19.31,-0.23,-2.64,4.83,1.95,8
-0.28,0.53,22.03,1.32,-4.25,3.32,0.33,18.89,-1.11,-1.22,2.2,-3.76,8
-0.64,0.69,20.94,-3.03,0.73,0.78,1.12,19.16,-0.31,-3.81,3.52,-3.12,8
-0.4,0.25,20.57,-2.44,-1.86,2.49,1.52,19.69,-0.13,-1.61,-0.83,0.49,8
0.3,0.48,21.6,0.29,-1.66,1.37,-0.12,17.6,-0.83,-3.13,5.52,-8.25,8
-0.57,0.16,20.97,0.34,-3.32,-0.59,1.23,19.62,0.29,-2.44,2.39,1.22,8
0.62,0.12,22.02,0.78,-2.34,2.69,0.58,19.33,-0.79,-1.22,-3.96,1.42,8
-0.38,0.57,20.89,1.9,-2.78,-3.17,0.93,20.14,-0.19,0.68,0.54,1.81,8
0.25,0.55,21.64,1.07,-0.73,0.24,1.34,19.81,0.17,0.05,-2.98,-0.63,8
0.59,0.24,21.4,2.44,1.9,1.07,0.15,17.9,-1.01,0.83,1.9,-0.1,8
-1.14,1.02,20.12,3.08,-1.66,1.32,2.05,20.88,0.99,-3.03,-0.78,3.03,8
1.31,0.48,22.56,0.63,0.0,2.15,1.07,18.84,-0.51,-0.93,2.83,-0.54,8
3.72,11.01,13.03,-137.3,69.53,-318.75,1.57,16.55,12.06,-27.59,-48.63,12.5,9
4.1,-14.25,15.02,-5.42,-16.5,-60.74,0.34,18.31,7.27,3.56,0.15,15.14,9
1.82,-7.88,19.68,9.52,-7.32,6.01,4.6,17.87,8.34,54.74,67.43,16.21,9
8.63,-12.06,22.67,39.4,18.16,148.1,0.93,20.49,1.76,68.85,174.85,-47.9,9
-5.97,9.05,16.11,50.88,11.13,183.35,-2.62,19.84,-4.47,4.1,32.81,20.31,9
-3.43,4.13,20.86,20.12,-14.7,31.01,-0.9,20.9,-1.51,-0.63,8.94,14.16,9
-1.11,2.48,22.13,4.0,-9.52,11.57,-0.77,20.16,-1.22,-2.39,1.51,5.22,9
-1.57,2.31,21.07,0.78,-5.62,5.18,0.17,20.04,-0.6,3.71,-9.77,4.39,9
-0.7,2.06,21.51,-2.15,-4.98,3.17,0.14,19.59,-0.36,-1.22,-1.27,1.07,9
-0.27,1.15,21.61,-0.73,-2.49,1.37,-0.25,19.58,-1.12,-0.98,-1.12,0.93,9
-0.65,1.84,21.25,-0.2,-1.22,-0.05,0.05,19.03,-0.8,2.34,-3.61,2.0,9
-0.98,1.54,20.57,0.93,-1.81,-0.73,-0.04,19.93,-0.93,-0.34,-0.05,1.17,9
-0.56,1.47,21.44,0.34,-2.39,0.63,-0.13,19.41,-0.7,-2.15,1.76,-0.54,9
-0.66,1.26,21.34,-0.54,-0.78,2.78,0.31,19.57,-0.42,-2.0,1.22,1.37,9
-0.38,1.21,21.46,0.34,-2.59,2.59,0.21,19.52,-0.51,-1.27,-0.34,1.12,9
-0.53,1.13,21.02,-0.34,-0.98,1.27,0.25,19.45,-0.76,-0.54,0.34,1.07,9
-0.3,1.59,21.28,1.12,-2.2,1.22,0.16,19.08,-0.58,-1.9,-0.63,0.0,9
-0.38,1.09,20.96,-0.93,-1.76,0.24,0.01,19.96,-0.83,-0.29,0.54,1.51,9
-0.22,1.35,21.65,0.68,-0.15,1.66,0.08,19.64,-0.85,-1.07,0.93,-0.2,9
-0.38,1.27,21.33,-0.1,-1.46,0.93,0.16,19.48,-0.87,-0.63,-0.2,-0.93,9
9.52,-22.0,17.26,-44.48,-14.11,-139.94,0.44,18.8,5.93,-13.87,11.47,22.85,10
0.54,-4.95,19.3,1.03,-15.14,0.44,-0.01,18.15,4.93,-3.27,18.9,-2.54,10
1.4,-4.35,22.53,-5.91,-10.4,20.21,3.77,13.32,5.53,83.98,87.94,-4.3,10
6.28,-11.17,22.88,12.99,11.23,65.14,-4.83,19.01,-6.25,29.93,156.79,0.83,10
1.65,1.61,15.91,78.95,26.76,219.09,-0.13,21.93,-4.2,-5.91,25.15,0.83,10
-3.22,9.52,21.6,19.29,-11.67,47.95,0.48,19.91,0.62,-2.0,1.56,4.15,10
-0.21,1.45,21.02,-4.2,-6.84,3.42,0.42,19.71,-1.39,-3.56,2.29,4.93,10
-0.6,2.25,21.08,0.93,-2.34,6.45,0.55,19.62,-0.46,-3.22,1.03,0.98,10
0.23,2.57,21.79,0.34,-4.49,2.88,0.5,19.58,-0.68,0.2,2.98,3.17,10
-0.06,1.88,21.13,1.42,-3.71,2.88,0.55,19.09,-1.16,1.03,8.45,0.83,10
-0.02,1.73,21.37,2.2,-0.34,4.83,1.87,19.36,-0.28,0.05,1.71,3.56,10
0.45,2.91,21.02,5.22,-1.66,4.15,1.6,19.52,-1.28,0.2,2.2,-2.59,10
0.63,2.71,20.87,-0.49,1.71,4.88,0.12,18.33,-1.7,-1.07,0.78,-5.27,10
-0.22,2.28,19.67,-6.64,5.96,5.86,0.33,18.86,0.04,-3.13,1.95,-0.83,10
0.1,1.0,20.96,-5.91,-2.44,3.27,0.82,19.97,-0.24,-1.07,-0.78,3.13,10
0.25,1.64,21.99,2.29,-5.76,0.78,0.61,19.27,-0.06,-3.08,-2.34,1.32,10
0.31,1.38,21.23,-1.07,-1.86,0.24,1.39,19.49,0.25,-1.66,1.03,4.1,10
0.65,0.69,20.73,1.32,-4.3,0.88,1.16,20.28,-1.1,-0.88,2.73,2.54,10
0.75,1.73,21.28,2.49,-5.66,4.69,0.96,19.52,-0.7,0.2,2.49,-2.98,10
0.56,2.05,21.06,-1.66,-0.29,0.39,1.72,19.83,0.3,-0.29,-2.1,3.76,10
-5.86,-9.75,17.54,-23.49,-1.27,-0.05,-6.24,14.39,7.97,-19.48,9.23,0.2,11
-3.76,-9.88,17.89,23.0,10.16,8.15,-2.93,15.22,9.77,19.34,2.1,-6.74,11
-3.42,-8.4,21.59,31.74,17.04,6.79,-4.14,16.89,8.27,24.61,3.66,-14.99,11
-5.94,-4.41,20.48,36.23,7.37,14.21,-4.09,17.46,5.11,24.22,7.67,-1.61,11
-6.2,-0.1,19.05,20.12,0.0,11.13,-2.97,17.95,3.87,12.55,8.5,2.93,11
-6.93,-1.59,20.52,7.71,-14.4,1.42,-3.96,19.44,5.25,-0.1,2.98,7.81,11
-5.04,-2.42,21.91,-4.93,-12.94,-2.05,-2.88,20.31,6.82,-8.2,-0.34,3.08,11
-4.51,-4.09,21.19,-0.34,-8.84,-4.35,-3.58,17.77,6.89,-5.08,-4.1,5.91,11
-4.46,-2.59,22.0,-0.0,-2.59,-1.76,-3.48,19.37,5.82,-0.29,-0.34,0.39,11
-5.29,-3.32,20.33,-3.76,3.42,2.69,-4.07,17.83,6.3,-2.39,4.54,-4.1,11
-5.23,-3.04,20.65,-2.69,-2.05,1.46,-4.13,18.55,5.79,-3.47,1.76,2.05,11
-4.25,-3.74,21.58,3.47,0.15,-2.2,-3.43,18.77,6.93,1.37,-3.27,-0.63,11
-5.55,-2.78,20.14,-0.78,6.1,4.79,-4.19,18.07,5.67,0.1,6.15,-5.37,11
-5.18,-3.37,21.03,-0.78,-0.39,1.07,-4.09,18.52,6.07,-0.15,0.54,-1.32,11
-5.92,-3.04,20.22,-4.3,10.69,1.95,-3.72,18.39,6.46,0.44,-0.78,-5.27,11
-6.18,-3.39,20.15,-0.78,0.1,-2.29,-4.41,18.16,6.09,-1.61,-1.86,-2.05,11
-6.1,-3.54,20.52,0.63,-2.1,-1.56,-4.76,18.39,6.35,-0.98,-1.22,-1.17,11
-6.21,-3.56,20.33,-1.81,-1.51,3.03,-4.89,18.09,6.24,-2.98,2.05,0.54,11
-6.0,-3.56,20.63,0.05,-2.98,0.98,-4.79,18.21,6.26,-1.95,0.24,1.56,11
-5.64,-3.78,21.07,-0.83,-0.29,1.17,-4.55,18.48,6.45,-0.78,0.59,0.15,11
0.64,-3.13,17.4,-54.1,51.9,-191.16,-4.4,18.61,4.6,-1.27,-1.42,0.39,12
-0.34,-12.77,19.5,-16.31,-14.79,-38.72,-4.66,18.5,4.73,-2.73,1.71,-0.93,12
1.01,-11.34,20.19,-8.79,-13.09,-15.97,-4.7,18.5,5.26,-1.56,1.07,-0.59,12
0.86,-11.83,18.72,-3.47,-9.13,5.08,-4.49,18.75,4.67,-1.56,1.22,1.9,12
4.31,-13.73,18.27,38.62,3.17,155.03,-4.48,18.3,4.62,-3.03,1.81,4.3,12
-5.09,4.52,22.21,80.47,-59.62,162.6,-4.11,18.61,5.12,-2.05,0.73,-0.39,12
-3.39,2.49,20.66,36.03,-11.47,36.38,-4.39,18.73,4.95,-1.12,0.59,0.15,12
-3.02,-0.35,20.13,8.06,-6.05,1.76,-4.38,18.64,5.1,-1.03,0.15,0.83,12
-2.35,-1.13,21.29,0.2,-8.15,-6.01,-4.24,18.95,5.27,-1.22,-0.24,1.61,12
-2.49,-1.62,20.6,-0.15,4.59,3.91,-4.35,18.74,5.34,-0.68,0.49,0.59,12
-1.95,-0.75,21.31,1.12,-0.24,3.96,-4.16,18.93,5.16,-0.73,0.78,1.71,12
-1.94,-1.31,21.35,-0.1,1.81,-1.22,-4.52,18.58,4.51,0.88,-0.63,0.05,12
-2.19,-1.52,21.13,-1.37,-0.15,2.59,-4.22,18.75,5.18,-2.64,3.08,0.44,12
-2.14,-1.7,21.21,-1.12,0.93,1.46,-4.32,18.57,5.2,-1.61,0.78,0.39,12
-2.27,-1.52,21.44,2.54,5.71,3.17,-4.12,19.1,5.15,-0.98,0.24,4.35,12
-2.42,-1.63,21.09,-0.63,-1.61,1.32,-3.65,18.98,5.43,-1.9,1.66,-0.49,12
-2.08,-1.76,21.45,-1.86,-0.29,0.78,-4.02,18.62,5.29,-1.32,0.63,-0.44,12
-2.79,-1.19,21.0,-0.78,1.07,0.98,-4.02,18.8,5.43,-0.34,-0.15,0.34,12
-2.7,-1.64,21.24,-0.49,-1.27,0.54,-4.03,18.73,5.33,-0.73,0.49,-0.29,12
-2.53,-1.54,21.51,0.34,-0.44,0.88,-3.97,18.69,5.37,-1.37,0.59,0.78,12
-0.65,-10.04,19.64,-77.49,28.03,-132.03,-1.95,13.93,7.39,-31.35,-72.71,54.3,13
0.53,-9.91,21.94,-25.88,-15.58,-41.55,0.92,19.82,11.01,-38.18,-6.05,9.91,13
-0.24,-9.68,20.38,-13.87,-7.67,-14.75,-0.17,17.56,10.31,-22.41,4.93,-3.17,13
0.26,-10.84,20.15,-4.93,-7.81,7.47,-0.33,17.13,11.16,-10.45,7.03,-3.61,13
3.37,-16.73,20.2,9.72,13.33,77.83,1.19,13.93,12.63,26.86,25.44,-1.42,13
-0.88,-9.01,14.6,49.85,-14.94,190.92,2.11,13.83,11.46,57.76,124.32,3.91,13
-3.8,3.7,23.3,36.91,-29.35,70.75,-4.85,19.36,-0.35,15.97,57.37,-17.33,13
-4.45,0.49,19.76,5.71,14.06,13.09,-5.44,17.42,0.35,-0.0,20.31,-10.01,13
-4.03,-0.62,21.05,4.0,-4.25,-2.49,-5.61,18.67,3.13,-5.71,-2.59,-5.96,13
-3.75,-2.73,20.8,-5.32,-4.1,-5.96,-5.4,18.39,3.39,-6.05,-1.46,-0.05,13
-3.87,-1.08,21.13,-10.01,7.37,2.83,-4.91,19.84,3.51,-4.05,4.88,-5.76,13
-4.32,-2.41,20.61,-9.62,5.52,1.61,-5.03,19.08,4.07,-6.25,3.13,-4.59,13
-4.51,-2.54,20.83,-2.2,-3.56,-2.34,-5.48,18.12,4.22,-4.74,-0.98,0.63,13
-4.27,-2.56,21.15,2.64,-1.37,2.44,-5.36,18.69,4.55,-1.47,0.68,0.83,13
-4.31,-1.55,21.45,7.37,-2.54,8.15,-5.34,19.42,4.02,1.51,2.64,5.42,13
-4.38,-1.36,20.92,1.86,-0.98,1.76,-4.95,18.93,3.78,-0.49,0.2,0.73,13
-4.25,-2.05,21.03,-2.34,-1.03,0.39,-4.94,19.01,4.49,-2.98,0.05,0.1,13
-4.25,-2.57,21.16,2.44,-2.05,0.88,-5.11,18.31,4.73,-0.24,-1.51,2.73,13
-4.18,-1.94,21.25,3.17,-0.39,2.1,-5.07,18.8,4.19,-0.54,0.59,1.22,13
-4.77,-1.61,20.7,0.59,4.3,6.84,-4.85,18.6,4.35,-3.42,1.9,0.83,13
3.71,-3.59,17.36,-103.56,-37.11,-226.95,1.84,15.86,8.32,-81.79,-156.25,2.78,14
5.05,-13.42,20.43,-43.8,-12.89,-41.65,0.77,15.77,17.03,-37.94,-2.44,-9.52,14
0.67,-11.01,16.98,-2.49,0.73,4.1,-3.88,13.09,11.83,-3.71,8.69,-5.32,14
0.66,-7.97,20.32,5.27,-15.09,2.64,-3.14,17.26,11.25,-2.69,2.93,6.1,14
2.07,-9.24,20.55,1.37,-2.88,0.83,-2.67,15.99,11.81,-1.56,-1.56,-0.15,14
6.45,-19.28,18.32,36.62,18.8,60.74,0.32,8.2,14.12,44.34,19.34,28.22,14
2.49,-7.88,14.39,56.01,-6.59,179.44,2.28,13.56,11.4,49.02,103.08,71.92,14
-1.32,1.89,25.08,25.29,-12.65,67.14,-0.92,21.88,3.17,21.78,59.96,-0.2,14
-3.48,2.17,18.78,30.71,29.0,31.25,-0.34,18.42,1.3,17.97,16.36,-12.7,14
-3.96,2.08,19.98,9.23,1.17,1.03,-1.74,18.82,1.81,3.47,-4.79,3.76,14
-2.79,-0.53,21.7,1.27,-4.54,-4.83,-1.8,19.44,3.92,-2.83,-6.79,3.22,14
-3.03,-0.6,20.95,-3.61,-1.71,0.78,-1.41,18.76,4.42,-5.66,-0.24,1.71,14
-2.66,-0.47,21.52,0.63,-6.15,-3.71,-1.21,19.13,4.02,-4.98,-4.74,8.84,14
-2.28,-0.87,21.7,-2.78,-1.76,-1.22,-0.72,19.16,4.66,-3.47,-0.83,-0.15,14
-2.7,-0.68,21.44,-1.42,0.2,2.1,-0.87,19.26,4.81,-1.71,1.27,-1.86,14
-2.88,-0.8,21.07,-2.3,-1.17,3.86,-0.82,19.1,5.03,-2.98,2.69,0.54,14
-2.28,-0.83,22.02,1.86,-3.71,1.22,-0.72,19.53,5.07,-0.88,-0.73,4.0,14
-2.46,-1.04,21.57,1.56,-1.12,0.0,-0.44,19.33,5.15,-0.44,-0.68,0.73,14
-2.54,-0.86,21.38,0.78,-0.59,1.27,-0.83,19.15,4.9,-0.29,0.44,-0.39,14
-2.65,-0.81,21.16,0.63,-0.34,0.78,-0.84,18.97,4.7,-0.05,-0.05,-1.03,14
1.02,-7.27,30.54,57.57,27.83,-106.93,0.02,16.45,2.11,-25.78,-72.22,49.61,15
0.11,-6.76,19.9,-6.3,-1.61,-48.44,2.26,11.53,6.28,-35.5,-6.93,-43.02,15
-0.82,-5.22,21.52,10.4,-5.96,-13.62,0.54,16.2,8.52,-7.52,-8.84,0.68,15
-1.84,-3.41,20.4,15.87,-13.48,-8.01,0.66,17.87,8.02,0.24,-3.71,3.66,15
-0.13,-3.85,21.87,8.98,-7.03,1.12,1.35,17.65,8.26,-3.13,-4.3,6.59,15
8.29,-13.61,28.57,15.97,26.46,105.32,4.64,14.26,6.87,22.12,15.48,6.01,15
-3.91,13.51,16.83,55.71,14.01,268.31,5.46,19.05,8.1,133.98,150.68,4.25,15
-8.48,7.33,16.45,10.4,27.39,51.61,-4.13,16.31,-6.65,4.69,94.53,-8.4,15
-4.76,5.17,21.14,-0.34,-9.18,5.62,-0.55,20.84,-0.03,3.61,8.2,15.63,15
-3.74,3.17,20.98,0.15,-15.43,-4.2,-0.66,20.06,1.51,-0.54,2.29,1.32,15
-4.76,2.57,18.98,-11.77,2.93,6.59,-0.27,18.71,2.68,-8.45,8.4,-4.1,15
-2.88,2.59,21.34,-2.73,-4.64,0.29,0.74,19.32,3.01,-4.3,-3.52,3.03,15
-3.17,3.71,21.75,2.69,-5.18,3.17,0.96,20.53,2.21,-0.88,0.44,3.66,15
-2.15,4.45,23.51,-1.61,12.89,-0.49,0.97,20.23,2.48,1.17,-2.25,0.49,15
-4.08,3.45,20.75,3.22,11.08,0.68,0.79,19.91,2.42,5.47,-5.47,2.88,15
-4.11,2.65,20.4,6.79,-15.82,-2.44,0.4,19.11,2.48,-2.25,-4.93,-1.61,15
-4.02,2.18,21.33,-4.54,0.68,-5.18,0.5,19.95,3.09,-6.59,2.54,-9.33,15
-4.34,3.0,20.43,-2.0,-0.39,-1.46,-0.41,19.32,2.13,-8.3,3.81,-20.56,15
-4.45,3.23,19.8,-17.68,5.08,-4.0,-2.02,18.72,2.3,-11.52,3.52,-21.63,15
-3.22,-0.26,21.06,-17.14,-10.79,-3.03,-1.04,18.73,5.22,-15.04,-6.25,-4.3,15
-0.42,13.62,21.07,-55.52,-1.37,-255.96,0.39,13.63,7.85,-25.15,-26.51,-8.98,16
-0.92,-10.02,18.6,-17.63,1.07,-83.5,0.42,16.77,7.23,-2.98,-10.45,8.94,16
-1.57,-4.2,21.23,8.35,-1.12,-4.69,0.26,19.08,5.88,1.66,1.71,-5.47,16
-2.66,-0.79,22.92,10.25,-13.53,6.88,-0.32,18.41,6.67,-3.76,3.17,-3.32,16
-2.16,-2.3,22.2,-1.95,-11.96,6.79,1.93,15.88,9.05,19.24,21.88,13.28,16
-0.28,-5.82,21.59,2.29,4.74,30.81,4.5,15.6,6.54,78.86,78.27,37.84,16
2.26,-7.96,21.64,30.13,38.53,125.63,-0.02,24.15,-1.55,30.37,125.68,15.09,16
-6.07,13.48,16.68,41.26,4.35,212.84,1.81,21.32,-2.84,9.67,15.04,5.32,16
-5.12,10.02,19.42,18.16,1.86,36.13,1.59,19.33,-0.63,-5.91,0.54,-6.84,16
-4.18,6.95,20.28,-4.35,0.88,5.03,1.91,19.89,0.36,-0.73,2.88,2.05,16
-3.51,4.11,20.56,-2.98,-1.66,0.98,1.56,19.29,0.39,-3.47,0.39,-0.78,16
-3.75,4.66,20.52,-2.78,-3.22,1.71,1.45,19.66,0.42,-0.29,1.37,-1.51,16
-4.02,4.36,20.36,1.51,0.78,2.15,1.42,19.41,0.24,0.05,0.29,-1.37,16
-3.85,4.51,20.45,-0.0,0.49,0.1,1.42,19.37,0.16,-0.68,-0.34,-0.15,16
-4.03,4.44,20.23,-0.39,-1.9,0.54,1.43,19.66,0.36,1.86,-1.95,-3.03,16
-3.78,4.84,20.72,2.39,-2.64,-0.49,1.36,19.38,0.41,-0.73,0.68,-1.22,16
-3.75,4.27,20.47,-0.2,-0.59,1.22,1.33,19.4,0.14,-0.34,0.2,-1.46,16
-3.78,4.53,20.38,-0.0,-1.51,1.27,1.1,19.12,0.24,-1.27,-0.15,-0.15,16
-3.85,4.19,20.1,-1.03,-5.52,0.59,1.23,19.68,-0.07,-1.07,0.1,-1.03,16
-3.62,4.7,20.8,-1.95,0.15,0.78,0.97,19.14,0.46,-1.86,-0.29,-0.98,16
-6.27,12.35,16.13,9.52,-56.64,-173.1,2.28,19.18,5.63,-9.52,-10.74,7.52,17
3.43,-2.12,23.9,-35.69,-30.08,-149.61,1.76,20.04,4.93,-8.35,0.24,8.5,17
-1.04,-2.67,21.24,-9.23,-19.04,-33.3,2.49,19.76,5.52,-8.4,0.0,1.71,17
-2.77,-0.63,20.57,-0.44,-1.42,-7.47,1.76,18.29,4.36,-5.86,2.25,3.91,17
-1.79,-0.47,22.23,0.83,-10.11,-4.88,1.67,19.77,4.49,-2.78,1.95,-2.2,17
-2.07,-1.0,20.52,1.07,-5.81,4.25,1.81,18.49,5.17,-2.39,2.69,0.78,17
-1.7,-1.56,21.73,-2.93,-4.35,-3.08,2.15,18.49,5.55,2.64,8.06,-6.98,17
-2.24,-1.07,20.56,0.63,1.07,4.69,2.49,17.54,4.38,8.35,20.46,-11.33,17
-1.05,-2.2,21.78,-0.0,0.83,11.82,0.69,16.93,1.27,3.86,29.05,-15.04,17
-1.59,0.66,22.24,9.23,2.88,47.85,3.96,16.12,5.06,27.49,60.06,34.96,17
-3.05,2.02,21.2,7.71,24.76,87.35,2.51,22.66,-0.7,24.66,74.17,5.96,17
-0.94,-4.53,19.31,16.89,19.34,88.28,3.51,20.57,-0.79,8.79,2.15,-0.05,17
-3.18,4.19,20.78,34.33,13.72,122.8,3.02,18.6,1.03,0.98,-1.61,-4.25,17
-4.05,6.95,21.59,10.01,1.22,31.79,3.11,19.26,0.36,0.44,4.1,2.05,17
-2.72,3.28,21.08,-1.61,-2.39,-1.03,3.06,18.61,0.57,-1.95,1.76,0.63,17
-2.6,2.67,20.95,2.25,1.86,-2.1,2.83,19.44,0.47,-2.05,7.76,-2.0,17
-2.87,3.35,20.72,-1.37,-1.46,1.42,3.06,19.25,0.62,-2.05,1.86,-0.44,17
-2.75,2.85,20.81,-2.49,-0.88,0.63,2.96,19.33,0.77,-0.39,-0.98,1.51,17
-2.66,2.98,21.34,1.32,-0.44,1.86,2.88,19.06,0.53,-0.24,0.63,0.29,17
-2.81,2.9,20.85,-0.2,-4.39,1.32,2.81,18.89,0.57,-0.88,0.68,-0.15,17
-5.19,6.62,18.21,28.17,35.3,155.91,4.47,18.07,2.59,-5.86,-3.91,0.34,18
-4.36,7.75,21.11,18.26,-6.54,27.25,3.75,18.82,0.42,-0.2,0.73,1.22,18
-2.05,3.15,21.73,2.29,-3.42,-8.98,3.59,18.89,1.19,-2.88,-0.83,-2.44,18
-1.83,2.48,21.15,3.76,-3.91,4.44,3.68,19.07,1.66,0.93,-1.66,0.83,18
-2.09,3.48,21.49,-0.2,-0.88,0.98,3.56,19.06,1.13,-0.68,0.49,-0.05,18
-2.0,2.41,20.71,-1.95,-3.66,1.03,3.6,19.28,1.21,-0.1,0.1,0.1,18
-2.04,2.61,20.94,-1.71,-1.61,3.03,3.65,19.35,1.23,0.34,0.98,0.59,18
-2.09,2.63,20.73,-1.32,-2.15,-0.1,3.52,18.9,1.26,-0.59,0.15,-0.63,18
-1.94,2.46,21.03,0.44,-2.29,0.83,3.44,18.53,1.21,-0.54,0.39,0.59,18
-1.96,2.89,20.97,0.73,-1.07,1.95,3.47,18.91,0.86,-0.34,0.88,0.73,18
-1.94,2.69,20.98,0.29,-1.51,1.22,3.65,19.04,1.15,0.39,0.24,0.49,18
-1.84,2.78,21.27,2.73,-1.66,1.95,3.71,19.24,1.21,-0.39,0.39,-0.2,18
-1.8,2.92,21.15,1.71,-1.46,2.44,3.44,18.64,1.06,-0.63,0.59,0.44,18
-1.82,2.99,20.98,0.2,-1.37,0.88,3.54,18.99,1.14,-0.88,0.73,0.88,18
-1.82,2.99,20.98,0.78,-1.9,0.78,3.7,19.24,1.11,0.15,0.34,1.27,18
-1.61,2.71,21.08,0.93,-1.46,1.03,3.66,19.09,1.01,-0.68,0.15,0.29,18
-1.78,3.0,20.81,0.98,-0.68,1.71,3.53,18.78,1.12,-1.27,0.73,0.78,18
-1.73,3.25,21.12,0.93,-1.61,1.27,3.65,18.84,1.05,-0.78,0.05,-0.15,18
-1.64,2.99,20.91,1.12,-1.61,1.17,3.64,19.01,1.17,-0.98,-0.39,0.39,18
-1.55,3.05,21.04,0.59,0.15,1.27,3.54,18.9,1.23,-0.44,-0.05,0.1,18
1.44,-1.97,20.64,-17.33,-13.72,-41.85,1.8,18.11,5.1,-8.35,5.71,-1.86,19
0.05,-1.4,21.64,-3.71,-7.47,-2.69,1.98,19.14,5.02,-5.13,2.78,-1.61,19
-0.72,-0.11,21.43,-0.88,-2.29,3.03,1.88,18.03,4.82,-3.86,3.47,-1.9,19
-0.03,-0.27,21.15,-3.03,-2.39,4.49,1.36,18.44,4.41,1.86,0.88,-3.12,19
-0.55,-0.05,21.41,1.56,0.1,2.15,1.59,18.2,4.78,-0.63,-1.17,-1.71,19
-0.1,-0.53,21.36,-0.68,-1.66,-2.2,1.84,18.67,5.65,1.37,1.32,-1.07,19
0.12,-0.95,21.46,1.46,-0.63,2.59,4.5,16.8,7.91,29.05,36.72,22.41,19
3.92,-7.03,22.48,12.74,12.89,59.91,5.1,14.76,4.21,79.83,110.3,60.3,19
4.65,-0.92,17.71,52.73,18.7,187.84,3.28,18.29,-4.09,13.92,86.28,-33.94,19
-3.13,9.02,19.22,-7.67,10.16,69.87,3.37,20.55,-1.9,1.95,0.88,0.88,19
-2.86,8.24,20.28,5.42,4.15,8.69,4.3,18.75,1.69,0.34,-12.99,0.93,19
-0.63,2.69,20.69,1.71,-2.34,-8.4,3.34,18.57,-0.2,-1.66,2.88,-1.42,19
-1.37,4.14,20.67,-0.93,-1.32,4.59,3.2,19.01,0.41,0.83,0.63,-4.25,19
-1.35,3.64,20.83,-0.1,3.71,1.61,3.02,18.9,0.54,-0.88,-0.78,0.34,19
-1.64,3.31,20.55,-2.25,-2.29,-1.22,3.04,18.73,0.49,-2.25,0.2,1.9,19
-1.4,3.33,20.66,0.24,-1.95,2.2,3.37,18.9,0.92,-4.0,2.29,1.07,19
-1.45,3.44,20.63,-3.37,-2.15,1.76,3.34,19.19,0.87,-1.61,1.17,0.88,19
-1.02,3.67,21.28,0.83,-5.22,1.86,3.28,19.4,1.04,-1.56,0.49,0.0,19
-1.21,3.37,20.91,-0.34,-2.2,0.88,3.42,19.13,0.92,-0.34,-0.59,0.59,19
-1.19,3.34,20.94,-0.39,-2.29,0.78,3.43,19.12,0.92,-1.07,0.83,0.15,19
0.99,3.89,17.84,-43.85,-46.53,-195.36,3.82,20.13,-1.49,-64.26,-138.43,9.81,20
3.28,-5.47,19.87,-21.53,-3.47,-62.89,7.38,15.3,8.77,-30.81,-43.12,-14.5,20
-0.9,0.02,19.34,-8.45,-2.64,-9.81,2.1,17.77,5.73,-15.33,-2.2,-5.27,20
0.09,-0.29,21.91,0.05,-2.25,-0.2,1.85,19.12,5.27,-0.24,1.07,-0.29,20
-0.16,-0.42,21.32,-1.32,-5.27,1.22,1.93,18.59,5.05,-5.03,1.56,1.07,20
-0.06,-0.09,21.67,0.83,-4.64,-2.88,2.18,19.54,5.47,-2.0,-0.49,2.29,20
-0.08,-0.36,21.13,2.64,-2.69,2.73,2.04,18.71,5.33,-0.98,1.66,0.49,20
0.39,-0.61,21.64,1.32,-1.12,3.76,2.06,18.85,5.52,-0.88,1.61,-1.22,20
1.53,-2.71,21.69,2.0,-0.63,11.43,2.31,17.85,6.03,-0.59,6.88,1.81,20
7.05,-6.22,19.09,44.19,60.79,162.6,6.59,14.31,7.43,77.54,97.36,-0.93,20
-6.76,14.15,18.54,19.34,7.03,134.28,0.18,23.44,-0.33,36.18,96.92,-2.0,20
-4.25,9.74,20.01,5.03,3.42,24.9,0.45,20.75,-5.05,2.2,20.02,0.78,20
-2.38,3.67,19.52,-12.4,0.05,-4.59,1.4,18.31,-1.03,-12.79,0.15,-3.76,20
-1.82,3.91,20.82,-1.81,-3.47,2.2,3.12,19.86,0.96,0.2,-3.12,4.83,20
-1.93,3.66,20.92,-1.86,-0.54,-0.2,2.23,19.8,0.21,-1.03,-2.2,0.0,20
-1.59,2.98,21.28,-0.1,-2.59,1.07,1.85,19.29,0.07,-0.1,-1.37,0.24,20
-1.54,3.07,21.45,-5.47,-3.08,2.39,1.62,19.09,0.06,-2.39,6.05,1.27,20
-1.91,3.68,20.81,0.24,-0.54,2.25,2.14,19.61,0.33,-0.78,0.44,0.59,20
-1.44,3.31,21.27,0.88,-2.69,1.76,2.29,19.54,0.74,-0.54,-1.95,1.27,20
-1.48,3.36,21.42,1.42,0.2,0.63,2.16,19.81,0.71,-0.15,-0.59,0.63,20
3.03,3.8,17.1,-67.63,-54.69,-258.84,1.45,18.69,6.14,-0.68,2.44,-1.56,21
3.69,-3.74,20.4,-22.07,-16.8,-51.03,1.63,18.86,6.5,-2.44,3.91,1.61,21
1.54,-1.89,20.4,1.81,-3.08,-1.86,2.08,17.77,7.17,-2.34,7.57,-2.34,21
1.11,-1.6,22.62,-2.69,-5.66,2.88,3.55,15.48,8.03,25.1,63.09,14.01,21
1.06,-2.73,21.46,-1.27,2.98,-0.39,3.12,18.77,4.9,63.09,122.17,36.28,21
-0.05,-0.89,21.28,2.93,2.44,4.74,0.38,19.87,-3.58,25.88,39.75,11.38,21
-0.26,-1.34,20.71,1.86,-1.17,1.66,2.02,19.15,-0.83,8.15,-1.42,1.17,21
-0.01,-0.79,21.34,3.86,-1.12,1.95,2.84,18.85,1.43,2.59,-4.25,2.59,21
0.14,-1.51,20.9,-1.86,-2.05,-0.34,3.24,20.01,1.1,2.2,-4.54,4.25,21
0.56,-1.19,21.6,-0.63,-4.25,2.05,2.62,18.66,0.71,-2.1,1.9,0.24,21
0.77,-1.1,21.58,-2.83,-6.49,3.47,3.07,19.52,0.64,-0.68,0.88,0.54,21
0.69,-1.5,21.72,-1.22,-3.32,3.27,3.05,19.27,0.86,-0.68,0.73,0.88,21
0.73,-1.41,21.35,0.63,-2.69,2.39,2.83,19.0,0.6,0.2,-0.05,0.34,21
0.97,-1.41,21.76,0.78,-1.66,0.88,2.52,18.8,0.73,-1.47,0.39,-0.44,21
0.59,-1.38,21.11,-1.37,-1.22,1.81,2.94,19.22,0.94,-1.12,0.24,0.59,21
1.08,-1.26,21.83,-3.08,-11.52,7.18,2.74,19.12,0.58,-0.29,-0.1,-0.39,21
3.67,-5.78,22.2,1.07,-2.29,38.43,2.94,19.36,0.92,-0.29,-0.24,0.68,21
4.46,-5.47,20.24,32.23,34.96,124.41,3.01,19.32,1.02,-0.2,-0.05,-0.98,21
-1.76,6.84,20.46,41.26,14.4,143.51,2.76,19.16,0.85,-0.78,-0.34,-1.22,21
-2.55,7.0,20.79,22.75,-5.81,37.11,2.83,19.29,1.07,-1.22,-0.05,-0.49,21
-6.04,14.25,14.74,-1.07,-19.53,-167.77,6.4,17.42,9.55,-33.69,-34.96,-16.55,22
7.71,-4.92,23.73,-26.42,-27.49,-117.09,1.06,18.54,5.12,-6.15,-2.69,-4.83,22
1.99,-1.55,21.68,-8.89,-3.56,-14.65,0.43,19.84,4.8,-3.42,-0.73,-4.15,22
-0.03,-0.12,21.66,-3.66,-3.08,-4.05,1.01,18.51,5.46,-3.91,1.07,-0.29,22
0.28,-0.3,21.31,-1.42,-4.59,1.95,0.8,18.57,4.49,5.32,0.15,-2.93,22
0.27,-0.1,21.32,3.03,-0.78,5.62,0.65,18.73,4.28,-0.39,-0.54,1.07,22
-0.48,-0.3,20.71,-0.44,-4.88,2.05,1.38,18.78,5.17,0.63,-1.81,0.68,22
0.33,-0.26,21.5,-0.98,-6.49,2.29,1.29,19.3,5.29,-1.12,-0.59,0.73,22
0.4,-0.21,21.4,0.44,-1.95,1.32,1.31,18.65,5.33,-0.39,0.15,1.51,22
0.18,-0.09,21.17,-0.24,-3.71,2.2,1.22,19.09,5.14,-0.54,-0.54,-0.83,22
0.44,0.07,21.67,0.93,-6.45,2.69,1.17,19.02,5.21,-4.1,2.73,-0.1,22
0.89,-0.55,21.59,0.34,-5.13,2.15,1.23,18.89,5.63,-2.83,2.2,0.78,22
1.06,-0.54,21.44,-0.73,-5.03,0.49,3.51,18.38,8.21,4.49,19.38,5.42,22
1.77,-2.74,22.28,-0.68,-5.08,11.57,4.59,14.28,4.73,100.78,107.67,29.2,22
7.85,-7.11,19.54,32.81,43.95,134.38,0.96,20.78,-4.03,32.42,84.57,-8.01,22
-2.82,13.12,21.0,52.78,4.74,166.16,2.33,20.01,-2.59,-3.37,3.81,-6.74,22
-2.77,9.81,20.79,8.4,6.84,20.51,1.85,18.51,0.41,-0.83,-4.1,-0.24,22
-1.31,3.11,20.13,-3.42,-2.1,-2.2,2.32,19.08,-0.43,-3.42,4.25,0.63,22
-0.45,3.75,20.89,1.07,-2.1,5.62,2.42,18.57,0.51,-1.07,-4.44,1.61,22
-1.18,3.62,20.24,-2.25,-2.34,-2.34,1.95,18.76,0.11,-2.25,0.24,1.42,22
9.99,-5.35,26.18,-19.14,-26.07,-142.53,9.4,20.43,10.84,-25.05,-52.39,-23.63,23
1.25,-1.82,20.24,-12.11,-8.3,-15.53,1.42,17.81,4.14,-5.13,-3.47,-3.96,23
0.36,0.84,21.76,1.71,-5.86,-4.93,1.75,19.24,4.63,-3.96,-3.27,-0.24,23
1.44,-0.81,21.55,-0.49,0.24,0.1,2.09,19.57,5.81,-2.1,1.46,-0.68,23
0.9,0.6,21.56,0.39,-1.81,2.59,1.79,18.39,4.51,-0.39,2.0,-1.9,23
0.68,0.3,21.11,-0.98,-0.93,-0.24,2.05,18.63,4.83,-0.49,-0.83,0.54,23
0.74,0.18,21.05,0.88,-1.76,2.29,1.75,18.66,4.92,-0.34,1.17,0.78,23
0.88,0.13,21.27,-2.73,-1.56,2.2,1.63,18.53,4.74,-2.98,1.76,-0.59,23
0.94,-0.1,21.11,-0.73,-2.05,2.0,1.8,18.56,5.09,-1.27,0.88,0.93,23
1.1,-0.1,21.25,3.32,1.71,1.37,1.9,18.91,5.21,3.76,-0.59,-0.59,23
1.02,0.3,21.6,-0.34,-2.59,2.44,1.7,19.13,4.83,-0.15,-0.24,0.73,23
1.28,-0.23,21.43,0.2,-0.93,-0.34,1.8,19.1,5.43,0.1,-0.39,-0.15,23
1.01,0.17,21.4,0.24,-2.69,2.39,1.66,19.0,4.79,-1.81,1.37,1.03,23
1.57,-0.09,21.9,0.05,-2.83,-1.07,1.6,19.62,5.17,1.03,1.07,-2.49,23
0.78,-0.1,20.77,0.59,-3.27,0.88,1.36,18.76,4.94,-1.56,0.24,0.0,23
1.64,-0.32,21.35,0.63,-2.15,1.32,1.68,19.12,5.48,-1.51,1.95,0.49,23
1.39,-0.34,21.16,-2.34,-0.68,5.76,1.69,18.43,5.33,-3.47,5.66,2.25,23
5.52,-5.37,22.09,12.06,20.02,84.72,4.93,17.49,8.85,37.26,58.3,11.62,23
2.29,1.6,18.32,46.39,51.27,172.9,0.76,19.31,-0.08,66.02,112.01,35.89,23
-2.28,6.91,20.98,12.65,3.81,43.7,1.52,20.88,-3.26,16.26,17.33,2.29,23
4.69,-2.95,23.26,-17.43,-35.99,-86.04,3.33,17.37,4.84,-21.39,-17.68,-21.63,24
1.1,-1.26,19.86,-16.5,12.45,-55.71,1.18,18.3,3.54,-9.13,-0.44,3.56,24
-0.33,-0.87,20.38,-3.03,-8.69,-4.54,1.68,18.88,4.27,0.63,3.52,-0.73,24
0.89,-0.92,21.86,-3.71,-3.17,3.08,1.82,19.42,4.27,-0.34,-0.24,1.76,24
-0.31,0.46,21.52,-1.9,-4.05,2.69,1.51,19.15,3.98,-0.93,2.49,1.9,24
-0.21,0.08,21.16,-0.44,-0.29,6.54,1.55,18.95,4.2,-1.56,2.2,-1.86,24
0.13,0.09,21.63,-1.95,-0.1,2.98,1.72,19.0,4.75,-0.78,0.05,-0.24,24
0.14,0.08,21.59,0.68,-4.3,3.32,1.7,19.34,4.81,0.49,-1.51,0.88,24
0.23,0.19,21.57,-1.66,-5.32,0.78,1.41,19.2,4.69,-0.49,0.39,1.61,24
0.27,-0.34,21.34,1.71,-4.98,6.2,1.71,19.04,4.64,-1.86,1.56,0.93,24
0.5,-0.28,21.24,0.29,-2.49,0.39,1.4,18.9,4.74,-1.81,1.46,-2.73,24
0.4,0.09,21.71,-1.95,2.44,2.2,2.65,19.29,5.83,-4.98,4.88,5.42,24
0.74,-0.94,21.11,-0.05,-3.96,3.96,2.77,17.13,5.97,7.37,13.13,7.62,24
1.25,-1.44,21.34,-1.17,-4.3,13.53,5.47,16.41,5.25,64.84,82.37,46.0,24
4.14,-5.28,19.34,42.19,22.51,101.61,2.07,23.31,-2.69,33.35,61.96,18.16,24
-0.84,8.15,21.06,40.62,-2.29,130.08,4.77,20.58,0.06,3.81,-1.61,-14.4,24
0.24,7.34,21.64,21.68,4.59,13.96,4.17,17.89,1.25,-3.71,-0.44,6.15,24
0.22,3.05,19.03,-5.86,-2.2,-1.37,4.28,18.93,0.66,-3.08,3.42,0.98,24
1.13,4.05,20.92,1.22,-1.32,3.66,4.2,18.96,1.14,-0.98,-0.1,0.15,24
0.81,3.5,20.66,-2.83,-0.83,1.71,3.92,18.45,1.4,-1.81,1.71,-0.24,24
0.71,0.23,20.85,-2.64,8.59,-123.44,4.83,20.61,5.64,-41.26,-5.71,-13.77,25
0.66,-2.65,21.37,-14.06,-15.82,-30.13,1.76,19.79,3.89,-18.07,2.54,0.68,25
-0.96,-0.61,21.55,-10.25,-16.41,-6.45,1.43,18.14,3.51,-8.84,3.91,4.64,25
-1.13,-1.02,21.3,-3.08,-8.79,0.83,1.98,18.72,3.87,1.56,-1.22,2.73,25
-0.17,-0.67,21.87,2.93,-3.17,0.73,1.89,18.61,4.06,-1.66,2.88,-1.37,25
-0.42,-0.58,21.05,-0.0,0.1,4.44,1.89,18.23,3.75,-1.95,1.56,1.27,25
0.01,-0.42,21.87,-0.63,-4.3,3.52,1.75,18.18,4.12,-4.15,2.78,-0.49,25
-0.16,-0.91,21.41,-5.13,-5.52,0.93,2.16,19.22,4.44,0.29,0.88,0.68,25
-0.09,-0.5,21.75,0.73,-3.71,1.95,1.95,18.53,4.59,-0.68,-0.2,-1.66,25
-0.41,-0.97,20.91,0.34,-0.29,-0.39,2.29,19.45,4.81,-0.68,1.03,0.63,25
-0.12,-0.29,21.49,0.59,-0.83,2.54,1.99,18.96,4.59,-2.25,1.03,-1.56,25
-0.03,-0.24,21.49,-1.51,-0.15,1.81,1.88,18.76,4.9,3.03,-3.86,-4.0,25
-0.11,-1.08,21.26,1.9,3.81,-3.66,1.93,18.9,5.02,0.54,-1.12,-2.73,25
-0.09,-1.04,21.25,1.27,0.88,0.05,1.55,18.42,4.5,-2.64,0.78,1.07,25
0.14,-1.06,21.44,0.44,-3.22,1.32,1.74,18.66,4.78,-4.1,4.83,1.56,25
0.19,-0.83,21.51,-2.25,-3.96,5.52,5.41,16.2,9.13,20.36,54.0,-10.21,25
4.79,-7.92,22.14,5.62,17.72,87.89,1.97,18.5,1.73,48.34,86.43,49.02,25
-1.21,2.42,17.66,45.02,15.77,137.06,1.66,20.21,-2.68,13.57,20.7,16.41,25
-1.14,7.64,21.88,24.9,-17.04,31.84,3.19,19.04,0.24,-4.39,0.78,-6.15,25
-0.11,3.94,21.65,2.0,5.03,2.73,3.54,18.88,1.37,0.49,2.29,3.42,25
-2.15,10.73,18.55,-19.09,-10.69,-153.47,2.78,16.48,3.8,-13.28,-4.49,-10.69,26
3.52,-4.09,25.07,-29.88,-10.94,-82.52,2.64,18.25,4.84,-4.54,0.59,-0.78,26
-0.65,-2.09,20.12,-8.64,0.98,-22.31,2.44,18.67,4.12,-2.64,5.37,1.22,26
-1.16,-1.25,20.23,-5.42,-0.54,-0.63,2.71,19.05,4.49,-2.93,2.73,0.88,26
-1.07,-1.11,21.16,-3.42,-0.63,3.32,2.58,18.71,4.49,-3.86,3.37,0.83,26
-1.14,-0.89,21.17,-1.9,-2.69,2.05,2.46,18.96,4.39,-0.34,1.42,3.32,26
-0.77,-0.84,21.34,-2.98,-3.32,3.08,2.13,18.38,4.43,-2.83,2.73,-1.12,26
-0.88,-0.68,21.46,1.61,-1.66,4.93,2.44,18.7,4.69,-2.0,2.15,1.51,26
-0.89,-0.98,21.33,-2.3,-1.61,1.27,2.48,18.57,4.37,-0.2,-0.24,-0.2,26
-0.81,-0.92,21.44,-0.39,-3.03,2.44,2.42,18.55,4.87,0.24,0.29,-0.98,26
-0.72,-1.01,21.41,0.93,-0.39,0.39,2.75,19.66,4.73,1.86,0.0,1.95,26
-0.67,-1.54,21.11,0.59,0.54,0.98,2.76,19.24,5.13,-0.78,0.0,0.59,26
-0.92,-0.34,21.78,3.32,0.24,2.34,2.72,18.82,4.79,-0.44,0.44,0.29,26
-0.9,-1.01,21.26,0.83,-1.17,0.05,2.46,18.7,4.52,-1.27,-0.2,-1.42,26
-0.58,-1.22,21.48,-0.24,-0.68,0.39,2.61,19.03,4.73,-0.0,1.42,1.27,26
-0.62,-1.16,21.37,-0.68,0.73,0.0,2.59,18.44,4.78,-1.07,1.12,1.03,26
-0.81,-0.68,21.34,1.56,-1.71,2.34,4.96,16.92,7.52,9.77,27.54,-8.06,26
-0.62,-1.2,21.21,0.98,-1.66,2.25,4.43,14.76,5.13,54.25,75.63,42.04,26
1.99,-4.17,22.98,2.64,6.01,36.13,2.99,20.94,-1.7,25.24,59.03,1.81,26
1.87,-2.38,19.64,50.78,4.93,131.59,4.34,19.93,-0.28,4.93,1.51,-13.48,26
2.46,-6.79,18.71,-35.84,-10.74,-122.75,6.02,23.28,1.59,-74.22,-138.38,-36.38,27
1.55,-4.53,20.93,-7.81,-19.63,-10.5,4.1,19.74,10.31,-13.62,-44.73,15.48,27
-1.4,-0.03,21.3,-2.59,-6.1,10.84,1.9,18.78,5.59,-1.66,2.83,6.49,27
-0.63,-1.31,21.12,-7.28,-9.03,4.35,0.85,18.62,3.61,-4.93,4.15,2.73,27
-0.26,-1.0,21.67,1.42,-0.68,3.03,1.5,19.0,5.3,-4.54,4.25,4.49,27
-0.64,-0.81,21.45,0.93,-0.78,-0.24,1.58,18.52,4.68,-2.88,5.47,1.12,27
-0.36,-0.94,21.49,1.61,-1.71,-0.54,1.67,18.26,4.92,-1.9,1.27,0.29,27
-0.1,-1.27,21.67,-0.2,-2.15,0.34,1.78,18.62,4.83,-3.32,1.42,1.37,27
0.14,-1.37,21.67,-0.1,-4.49,1.95,1.68,18.53,5.48,-2.3,0.73,1.46,27
-0.09,-0.92,21.46,-0.1,-2.25,2.44,1.73,18.9,5.36,-1.42,1.32,0.59,27
0.22,-1.35,21.38,-1.61,-2.34,2.29,1.85,18.9,5.61,-1.81,2.49,-0.59,27
0.12,-0.94,21.24,-0.39,-2.64,3.17,1.59,18.74,5.5,-1.32,2.73,-1.76,27
0.26,-1.32,21.39,-0.29,-2.2,1.61,1.62,18.95,5.72,-0.15,1.37,-0.44,27
0.6,-1.88,21.41,0.2,-3.52,6.1,1.63,18.82,5.86,-1.03,1.61,0.98,27
0.34,-1.86,21.18,0.88,8.4,25.24,2.85,20.0,7.52,6.79,18.85,-3.56,27
0.43,-2.83,21.69,6.05,3.47,15.77,-0.03,19.47,4.4,6.15,8.98,-6.93,27
1.95,-4.73,19.22,43.07,27.15,101.61,2.23,16.31,6.93,26.46,31.74,3.32,27
-3.54,9.57,19.59,39.11,-22.07,114.01,2.5,16.86,4.11,46.14,90.19,45.02,27
-1.19,8.21,21.0,8.59,-5.47,14.45,0.58,21.29,-4.42,26.03,35.01,12.45,27
0.21,2.37,20.49,-1.07,-3.37,-2.39,2.38,19.3,-0.6,-4.59,-2.1,-5.91,27
0.96,-6.65,19.8,-19.34,-13.53,-82.52,3.13,20.8,-1.64,6.3,-0.63,-18.99,28
0.47,-2.98,22.15,1.51,-7.08,-6.25,2.49,19.02,1.06,-2.0,-3.22,-4.15,28
-2.2,-1.84,20.33,-10.74,-7.28,3.86,2.34,19.54,0.17,-0.44,2.34,2.78,28
-1.19,-2.16,21.15,-2.2,-5.91,5.22,2.22,19.0,0.65,-2.0,-0.93,0.15,28
-1.17,-1.73,21.3,0.05,-2.05,7.67,1.8,18.86,0.47,-1.76,0.54,-1.37,28
-1.41,-1.36,21.53,1.17,-0.98,1.71,2.01,19.37,0.64,-0.83,-0.05,1.07,28
-1.14,-1.44,21.45,-1.12,-0.78,2.88,2.0,19.32,0.64,0.39,0.68,-0.2,28
-0.99,-2.11,21.57,0.93,-0.78,2.73,2.09,19.89,0.33,0.05,-0.54,-2.05,28
-1.25,-1.97,21.48,0.54,1.03,0.24,1.97,19.47,0.75,-0.44,-0.49,-0.68,28
-1.2,-2.11,21.09,-0.24,-2.83,2.44,1.68,19.11,0.58,-1.27,0.78,0.93,28
-1.13,-2.06,21.28,-0.05,-1.76,3.56,1.77,19.27,0.8,-0.63,0.1,1.17,28
-0.67,-2.45,21.45,-0.73,-4.15,6.74,1.78,19.15,0.65,-0.93,-0.44,1.9,28
-0.19,-3.45,21.1,4.05,-2.69,23.24,1.99,20.05,0.65,0.15,0.2,0.24,28
1.59,-4.78,22.06,23.58,7.03,48.97,1.94,19.46,0.74,-0.39,-0.39,2.15,28
1.32,-0.6,19.37,57.62,14.36,135.45,1.93,19.23,0.65,-1.03,-0.05,1.07,28
0.1,10.79,23.68,32.57,-32.42,69.24,1.88,19.02,0.68,-1.17,0.83,0.2,28
-0.06,6.38,20.07,-5.18,8.06,-2.54,2.16,19.61,0.62,-0.54,0.83,0.68,28
0.3,3.2,20.14,-1.9,2.49,-1.51,1.93,19.41,0.55,-1.03,0.73,-0.59,28
0.24,4.79,20.65,-1.12,-2.98,1.81,2.01,19.09,0.92,-0.93,0.44,1.07,28
0.44,3.83,20.81,-0.93,2.1,-0.54,2.09,19.43,0.72,-0.39,1.12,-0.49,28
-0.67,2.71,20.47,-0.1,3.76,-0.93,1.84,19.21,0.32,0.49,2.0,-1.42,29
-0.17,4.09,20.72,2.54,1.46,2.15,1.45,18.94,1.26,-1.07,-0.29,0.88,29
-0.77,2.83,20.12,-1.32,-1.37,-0.29,1.9,20.13,0.82,-0.34,1.46,1.32,29
-0.25,3.57,21.54,1.27,-2.98,1.81,1.5,19.08,0.49,-1.81,1.17,-2.15,29
-0.61,3.63,20.88,-1.81,0.39,0.98,1.69,19.34,1.01,-0.73,0.0,0.29,29
-0.35,3.16,20.97,-0.1,-1.46,0.63,1.58,19.36,0.71,-0.83,0.29,-0.29,29
-0.52,3.33,20.88,-0.2,-0.83,1.46,1.73,19.44,1.14,-0.49,0.0,0.2,29
-0.29,2.97,21.05,0.63,-1.56,0.34,1.56,18.91,0.94,-0.68,0.34,0.54,29
-0.63,2.94,20.53,-0.34,-1.07,1.07,1.63,19.46,0.81,-0.68,0.39,0.39,29
-0.48,3.16,20.99,-0.63,-1.32,0.98,1.77,19.52,0.86,-0.63,0.34,0.39,29
-0.38,3.24,21.01,0.39,-1.32,0.68,1.81,19.51,0.92,-0.98,0.15,0.34,29
-0.29,3.16,20.98,-0.0,-1.46,0.1,1.79,19.58,1.0,-1.95,-1.66,-0.78,29
-0.35,3.19,20.98,-1.37,-0.59,-1.32,-0.02,20.52,-0.12,-2.49,-3.66,-3.08,29
-0.88,3.94,21.05,-1.17,-1.22,-3.66,-3.2,23.57,-6.14,3.22,-103.27,-28.66,29
-3.57,11.96,21.28,10.4,5.86,-113.48,3.62,18.86,8.4,-19.73,-92.14,29.39,29
3.28,-6.4,20.82,-33.5,-16.94,-133.74,1.21,17.79,3.32,-34.33,11.38,-0.68,29
-0.73,-1.21,20.06,-18.26,-21.63,-15.43,0.65,18.18,3.57,-15.33,7.62,-5.86,29
-1.22,-0.47,20.9,-8.11,-6.35,4.69,3.71,18.52,8.7,17.53,41.31,-0.49,29
4.44,-7.62,23.7,4.05,7.91,58.3,2.39,19.53,2.99,63.62,105.37,39.84,29
2.44,-0.57,19.97,68.8,28.81,162.16,-1.56,17.47,-5.21,7.03,38.57,-12.4,29
-0.12,-0.87,21.4,-1.81,-4.2,-0.24,0.16,19.38,5.65,-0.2,-3.91,4.49,30
-0.22,-0.79,21.9,1.76,-0.98,-4.59,0.03,18.6,5.61,-0.15,-3.52,-0.73,30
-0.7,-1.22,20.91,-0.1,0.83,-2.98,0.5,19.02,5.72,-0.15,-1.95,5.57,30
-0.29,-0.75,21.53,0.68,-4.69,0.39,0.75,18.8,6.23,-4.2,-3.47,4.0,30
0.28,-1.82,21.83,-2.83,-4.49,-4.83,0.41,18.02,5.69,0.63,0.39,-3.61,30
-0.22,-1.51,20.67,1.32,-0.54,-1.27,0.6,19.47,5.48,2.05,-0.05,0.1,30
0.12,-0.85,21.8,1.66,-2.34,0.05,0.31,18.48,5.95,-2.83,2.0,-4.25,30
-0.16,-1.55,20.88,-1.27,-2.05,2.0,0.27,18.49,6.28,-1.56,-0.59,2.59,30
0.29,-1.73,21.27,0.98,-7.96,0.78,0.5,19.03,5.9,0.34,1.76,2.44,30
0.52,-0.95,21.64,2.73,-2.25,3.17,0.78,18.84,6.19,-0.93,1.27,0.83,30
0.5,-1.15,21.05,0.54,-1.61,2.83,0.91,18.75,5.99,-0.44,0.0,2.69,30
0.67,-0.58,21.24,0.68,-2.25,2.05,0.92,19.08,6.16,0.2,0.73,1.12,30
0.79,-1.13,21.59,1.03,-0.83,1.46,0.68,18.62,5.7,-1.03,0.98,0.15,30
0.37,-1.1,21.02,-0.68,-0.2,1.86,0.83,18.77,6.14,-0.39,0.78,1.03,30
0.55,-1.33,21.18,-0.0,-1.27,2.1,0.93,19.11,5.8,-1.32,1.32,1.81,30
0.84,-1.09,21.62,-0.83,-0.98,1.27,0.81,18.44,6.12,-1.12,1.07,-0.88,30
0.48,-1.42,21.11,-0.29,-0.1,1.51,0.76,18.68,6.24,-1.03,-0.83,2.25,30
0.65,-1.55,21.45,0.29,-2.25,0.59,0.92,18.44,5.87,-1.32,2.2,1.03,30
0.68,-1.18,21.27,0.83,-1.76,2.15,1.27,18.97,6.09,-0.49,-0.63,-1.12,30
0.9,-1.19,21.67,-0.2,0.88,0.0,0.81,18.34,6.01,-0.54,-1.22,-4.98,30
5.31,-11.44,17.35,-56.25,6.01,-165.67,6.04,12.14,11.02,-47.61,-76.27,-15.09,31
0.57,-8.19,19.16,-16.65,7.23,-14.31,-0.02,16.22,9.42,-12.89,1.12,1.86,31
0.41,-6.75,20.29,-4.44,13.96,-2.15,1.07,16.71,9.74,-5.52,1.61,0.83,31
-0.25,-6.32,20.84,-0.54,-6.05,-3.17,0.27,17.19,8.84,-4.49,1.9,-0.68,31
-0.13,-6.02,20.69,0.05,-3.81,-2.25,0.38,17.21,9.66,-2.1,-1.61,0.93,31
0.54,-6.11,21.26,0.1,-3.96,1.95,0.55,17.54,9.69,-3.13,1.12,2.15,31
0.22,-5.82,20.55,2.34,-4.05,2.69,0.95,17.67,10.36,-0.24,0.2,2.34,31
0.56,-6.35,20.75,0.59,-2.05,3.56,0.51,17.36,10.12,-1.03,1.81,-0.1,31
0.77,-6.86,20.85,0.2,-4.44,2.49,0.43,16.75,10.13,-2.59,3.17,-0.1,31
0.62,-6.31,20.81,2.73,-1.86,4.39,0.57,17.35,10.17,0.44,2.29,1.22,31
1.52,-8.17,20.53,5.13,-1.37,8.54,0.86,16.38,10.33,2.78,4.49,3.13,31
3.14,-9.54,19.88,36.33,3.81,92.63,3.34,16.2,11.12,46.14,34.91,7.67,31
-2.23,-0.14,18.93,84.13,-4.0,121.48,-2.38,14.99,3.96,60.94,91.7,18.51,31
-1.34,3.12,19.83,27.83,-36.77,47.27,-0.7,18.27,0.29,2.54,43.55,3.42,31
2.05,4.37,22.74,6.45,-2.49,10.45,0.76,21.06,2.13,4.88,11.38,-5.62,31
-0.12,1.65,20.28,-1.81,6.54,-3.96,-1.2,17.85,2.34,-2.25,0.63,-11.52,31
-0.26,1.07,20.89,-4.79,0.1,-3.42,-1.06,18.93,3.93,-3.96,-2.69,-0.1,31
0.38,1.08,21.52,-1.61,-3.12,0.44,-0.93,19.29,3.74,-4.1,0.24,8.94,31
0.65,1.06,21.55,-1.66,0.83,-0.54,0.0,19.53,3.96,-2.69,-1.17,3.52,31
0.02,0.43,21.02,-3.13,2.69,2.05,0.01,19.15,4.4,-2.59,1.86,-2.34,31
3.37,-0.92,20.04,-93.21,20.8,-180.86,1.5,20.45,12.86,2.54,-22.07,28.76,32
0.2,-11.96,22.0,-23.29,10.89,-38.96,0.19,18.6,8.49,-4.64,9.28,22.22,32
-1.04,-7.49,21.48,2.54,-15.82,0.68,1.58,20.08,8.44,-19.82,8.74,-4.64,32
-1.08,-6.05,22.23,-0.88,-16.06,-0.54,0.78,18.85,7.9,-7.32,1.66,-2.15,32
-1.84,-5.79,20.85,-3.42,-3.81,-1.12,0.49,16.75,8.92,-16.41,-0.93,-9.67,32
-0.86,-7.4,20.67,-5.52,-3.91,-0.68,0.51,17.85,9.46,-5.08,2.83,-2.44,32
-0.61,-7.2,20.62,-1.86,-3.08,2.34,0.44,17.9,9.25,2.93,-0.34,0.78,32
-0.94,-6.1,20.89,6.2,-2.73,1.9,0.32,17.75,9.07,-4.25,2.73,-1.56,32
-0.99,-6.06,20.69,-1.9,-4.0,2.59,0.15,17.61,9.7,-2.49,1.9,-0.59,32
-0.41,-7.03,20.57,0.24,-3.66,5.27,-0.07,16.92,9.55,-1.56,1.37,2.73,32
-0.59,-7.03,20.06,2.44,-4.25,2.64,0.28,17.3,9.21,-1.22,2.44,1.22,32
-0.35,-6.13,20.9,1.22,-2.54,2.98,0.18,17.25,9.44,-1.81,2.25,1.03,32
-0.29,-6.71,20.67,0.44,-2.54,2.49,0.19,16.73,9.73,-1.07,3.08,-0.44,32
-0.08,-7.41,20.35,0.49,-0.88,3.61,0.22,16.87,10.03,0.1,7.91,1.22,32
0.08,-8.05,20.67,0.68,-1.71,11.47,1.37,17.91,11.4,19.29,16.8,3.32,32
1.61,-9.95,22.36,14.11,4.64,39.94,0.93,16.2,9.07,38.33,54.39,1.61,32
0.77,-8.01,20.06,32.23,5.47,102.73,-3.19,20.96,3.52,64.65,81.3,43.41,32
-3.94,2.16,19.56,69.78,-26.66,118.65,-1.05,21.02,0.67,10.99,23.29,-1.86,32
-1.54,4.4,21.33,17.92,-16.6,30.32,-0.26,19.75,2.87,-0.73,0.39,-0.1,32
-0.42,1.54,21.18,4.83,-3.12,6.45,-1.26,19.02,3.75,-5.13,-1.32,-1.17,32
-0.12,-9.04,21.66,-15.53,16.6,-25.49,0.7,18.03,9.33,-5.62,-0.63,3.56,33
-1.19,-7.52,19.6,1.03,-11.28,-3.03,0.63,17.3,10.25,-2.78,1.95,2.78,33
-0.34,-7.43,20.76,3.17,-17.77,1.17,1.05,17.71,9.95,-3.37,2.78,3.22,33
0.37,-7.8,20.33,1.81,-8.74,3.08,1.09,17.3,9.81,-2.83,2.34,-1.22,33
0.29,-7.46,20.51,5.32,-6.59,0.88,0.83,16.98,9.98,-3.52,2.39,-0.1,33
0.53,-6.85,20.62,-0.73,-3.56,0.63,0.81,17.5,10.47,-1.42,2.54,1.37,33
0.6,-7.43,20.14,1.51,-3.66,3.81,0.77,16.48,10.27,-0.83,2.34,-0.05,33
0.99,-7.95,20.25,1.56,-1.22,2.78,0.92,17.5,10.41,2.05,3.86,2.59,33
0.88,-7.75,20.04,-0.2,-1.51,3.47,1.73,17.34,11.58,25.44,19.97,1.03,33
1.19,-7.99,20.48,4.88,-3.81,5.13,1.27,15.58,9.89,35.5,73.05,18.95,33
2.8,-10.31,21.61,8.69,0.39,25.34,-0.62,23.75,5.86,50.39,44.29,16.65,33
1.99,-9.58,18.22,26.46,-8.01,106.79,0.04,20.18,3.19,18.12,18.8,-7.57,33
-2.89,-1.52,20.06,70.7,0.24,106.98,-1.51,18.81,1.94,1.32,7.96,0.83,33
-1.36,1.22,21.19,47.85,-28.56,52.2,-0.74,20.1,3.6,0.49,-0.1,0.54,33
-1.04,1.6,20.66,9.03,-5.86,15.77,-1.0,19.46,4.08,-1.66,-1.76,1.03,33
-0.47,0.8,21.06,1.42,9.81,-0.59,-0.96,19.07,4.14,-1.9,0.29,-1.46,33
-0.42,0.4,21.5,0.44,2.73,-3.17,-1.2,19.07,3.88,-1.71,0.78,-0.29,33
-0.69,0.14,21.11,0.49,2.88,1.86,-1.05,19.28,3.99,-2.64,1.66,0.88,33
-0.81,0.13,21.38,-0.83,1.81,1.56,-1.04,19.41,3.98,-1.12,0.34,0.24,33
-0.94,0.04,21.33,-1.42,-0.83,2.49,-0.87,19.3,4.41,-1.03,-0.78,0.68,33
1.55,-15.01,16.23,-29.1,19.58,-64.26,-1.41,13.96,14.43,-20.75,-40.28,-2.59,34
1.83,-11.53,21.66,-4.79,-12.5,-14.6,-2.13,16.51,12.39,-8.45,-8.98,3.61,34
0.79,-8.82,20.24,2.88,-7.76,7.13,-1.99,15.65,10.04,-1.32,8.45,6.45,34
0.11,-6.83,21.76,7.81,-7.71,4.54,-1.94,17.81,9.67,0.98,3.66,6.1,34
0.0,-6.86,20.65,-1.27,-7.37,3.42,-2.41,16.57,8.98,-2.44,4.74,1.81,34
-0.06,-7.28,20.0,4.78,-6.05,3.86,-2.16,16.49,9.64,-0.59,2.1,5.52,34
0.47,-6.59,20.88,2.2,-3.37,2.59,-1.42,17.68,9.97,-1.61,1.76,2.1,34
0.45,-6.66,20.47,0.24,-5.81,3.27,-1.61,17.12,10.11,-3.27,2.54,1.07,34
0.77,-6.84,20.68,-1.66,-4.1,1.81,-1.65,16.75,9.88,-2.64,1.66,-0.29,34
0.64,-7.11,20.19,0.93,-2.69,0.83,-1.71,16.41,10.1,-0.93,0.0,1.22,34
1.05,-6.97,20.47,1.61,-2.78,3.37,-1.52,16.95,10.47,-0.29,2.2,2.15,34
2.6,-10.46,20.97,8.98,2.05,25.2,-0.38,15.59,11.61,9.08,16.31,8.98,34
0.83,-8.57,16.43,46.04,-0.93,120.36,-0.65,14.73,10.39,41.06,73.05,16.16,34
1.04,0.29,20.94,102.39,-21.0,148.68,-2.24,22.57,4.87,85.94,90.63,77.59,34
-0.18,5.07,20.5,25.1,15.77,37.45,-0.97,18.98,0.64,16.55,43.21,-49.71,34
-0.83,5.11,19.53,2.34,10.94,6.01,-2.62,16.47,0.01,-2.83,10.01,-8.11,34
1.03,2.73,22.56,-7.62,-4.88,-4.25,-2.39,20.07,2.27,-5.32,-1.95,8.94,34
0.03,1.42,21.56,-2.93,4.69,-1.12,-2.26,19.78,3.44,-4.79,-2.29,2.44,34
-0.63,1.72,21.04,-1.27,-0.1,5.91,-2.09,19.28,3.13,-4.25,3.32,4.93,34
-0.21,1.57,21.26,-2.73,-2.39,2.64,-1.53,19.65,3.31,-3.91,1.03,5.57,34
7.74,-11.01,24.64,-105.37,46.68,-227.73,3.86,12.85,11.02,-49.02,-14.26,-25.68,35
1.81,-9.58,19.0,-20.26,-6.59,-34.03,0.04,16.17,8.53,-12.94,-6.15,7.47,35
1.58,-7.96,22.59,-7.03,10.64,-18.36,2.22,17.56,10.67,-8.74,-2.93,1.66,35
0.63,-7.83,19.96,-8.45,8.06,-3.22,1.3,17.31,9.6,-6.15,5.08,-1.32,35
0.07,-6.74,20.15,-5.03,-1.51,-3.22,1.3,15.98,9.49,-3.61,4.2,2.05,35
0.42,-7.12,19.71,4.78,-4.1,5.62,2.01,16.82,9.79,-4.39,3.22,2.44,35
1.43,-6.5,21.86,-0.73,-3.27,2.54,1.83,16.75,9.47,-0.83,4.2,-4.2,35
-0.31,-7.09,19.97,1.27,-2.59,-0.29,1.58,17.11,10.32,0.63,0.39,0.63,35
0.22,-7.3,20.72,-1.9,1.95,2.83,1.7,16.74,10.3,-1.51,3.52,-1.61,35
-0.02,-7.55,20.35,-4.35,2.64,4.0,1.64,17.02,10.41,-0.24,0.54,-0.93,35
-0.27,-7.69,20.13,-5.86,1.51,1.95,1.32,17.19,10.21,-1.66,1.56,-0.78,35
-0.0,-7.85,20.57,-0.2,1.07,1.71,1.04,17.42,9.99,-1.47,1.86,-2.73,35
-0.17,-8.0,20.05,0.93,-0.24,0.59,1.1,16.98,10.31,0.29,1.9,-1.81,35
-0.18,-8.3,20.54,-1.95,2.88,2.88,0.96,16.42,10.25,0.68,3.37,1.27,35
-0.43,-8.44,19.89,3.66,-4.3,5.71,1.8,16.05,11.4,12.65,17.33,10.74,35
0.86,-9.7,20.73,10.45,-7.76,44.73,1.95,15.2,10.91,44.87,57.08,9.13,35
0.22,-8.19,18.27,18.6,4.69,115.97,-0.65,21.35,6.35,42.28,46.29,41.11,35
-5.79,-3.28,18.05,13.67,-37.89,72.85,1.61,22.9,4.18,23.0,13.96,10.45,35
-2.8,-1.76,22.93,9.81,-7.81,28.96,1.36,19.13,3.62,3.86,4.15,0.93,35
-2.52,-2.89,20.68,3.42,-9.57,12.16,1.54,19.32,4.95,0.44,-10.3,4.2,35
2.53,12.49,24.94,-38.33,46.44,-167.92,5.31,13.67,9.54,-76.9,-129.59,-94.24,36
1.43,-13.77,13.45,-68.07,36.18,-128.27,-2.16,14.99,13.93,-25.88,-33.98,-0.49,36
0.65,-12.59,18.88,-16.31,-9.08,-37.5,-2.14,16.71,13.51,-13.38,-12.16,0.24,36
1.86,-11.09,19.19,-5.22,7.23,-9.03,-2.46,14.89,11.63,-4.39,5.57,-1.32,36
-0.7,-8.97,18.79,5.32,6.79,2.15,-2.45,16.18,11.18,0.39,0.34,4.64,36
-0.37,-8.96,19.52,2.54,1.56,1.95,-2.01,15.55,12.08,-0.1,0.34,2.83,36
0.11,-8.46,19.84,1.03,-2.29,8.3,-1.51,16.75,12.3,3.12,0.34,3.42,36
-0.5,-8.54,19.65,-0.63,-1.81,2.69,-2.63,16.04,11.68,0.54,-0.05,-1.12,36
0.14,-9.26,19.59,5.32,-4.93,-0.63,-1.28,16.96,12.25,1.32,1.07,1.61,36
0.33,-8.9,20.23,1.95,-1.22,3.47,-1.79,16.06,11.33,-1.51,5.08,-0.34,36
-0.52,-8.54,19.82,-0.39,-3.96,3.71,-2.2,17.07,11.77,0.1,0.73,-0.39,36
-0.2,-9.2,19.31,1.86,-1.71,2.15,-2.03,15.87,11.31,-1.95,2.64,2.1,36
0.36,-8.96,20.17,1.66,-4.3,3.32,-1.73,16.41,11.85,-2.64,3.27,1.81,36
-0.03,-8.97,19.53,-1.37,-3.76,7.52,-2.34,15.66,12.02,-3.91,6.35,1.66,36
0.33,-10.04,18.89,3.22,-3.76,9.72,-2.02,15.71,12.36,-0.83,8.89,6.98,36
1.0,-8.77,20.98,11.77,-4.15,18.21,-1.89,16.2,11.87,6.2,8.94,-2.69,36
2.31,-10.39,22.31,20.12,-11.43,36.96,-1.74,15.67,11.14,31.74,43.55,-11.18,36
-0.07,-8.84,17.76,58.15,-6.25,93.75,-3.93,16.32,8.1,36.87,59.18,30.08,36
-0.58,-5.58,18.06,56.01,-19.73,107.42,-4.51,21.9,4.47,25.63,66.99,48.78,36
0.54,1.38,23.14,30.66,-16.99,44.48,-0.96,22.05,3.77,3.95,25.44,13.04,36
3.38,1.37,19.96,-121.88,65.43,-215.04,0.68,10.76,7.89,-47.56,-93.95,-18.07,37
2.17,-17.38,16.29,-39.65,18.85,-133.79,-1.8,14.44,11.97,-30.81,-12.45,-10.4,37
-0.26,-11.38,17.17,-4.59,-13.23,-11.62,-1.06,16.9,12.31,-3.71,-3.76,4.59,37
0.75,-9.11,20.47,-2.93,-9.33,5.76,-0.87,17.89,11.0,1.12,4.64,0.39,37
-0.56,-8.57,20.06,-1.51,-7.37,3.52,-1.55,16.63,9.97,-3.13,2.29,1.42,37
-0.2,-8.73,19.86,-2.78,-4.64,3.32,-1.99,15.73,10.79,0.29,1.66,-3.56,37
-0.13,-9.12,19.36,-0.05,-4.98,4.39,-1.93,16.45,10.84,-1.76,2.64,1.42,37
-0.05,-9.02,19.54,1.42,-5.71,5.57,-1.68,17.65,10.95,-1.9,3.42,1.22,37
0.13,-9.06,19.88,-0.15,-6.01,4.59,-1.94,16.62,10.69,-1.66,2.0,-0.49,37
0.34,-9.22,19.48,-0.78,-5.62,4.25,-2.42,16.89,10.55,-5.22,5.57,1.32,37
0.37,-9.6,19.34,1.66,-2.44,2.2,-1.13,16.78,12.6,-0.2,1.12,5.96,37
1.04,-9.05,21.21,3.56,-0.49,7.62,-3.25,15.93,8.96,-0.05,3.17,-2.54,37
0.35,-8.99,18.91,1.9,-3.86,-0.98,-1.9,17.28,10.79,0.05,0.78,1.46,37
0.5,-9.04,20.05,0.63,-2.98,2.1,-1.8,15.96,11.95,0.59,3.32,1.03,37
2.75,-13.45,20.94,9.37,-1.76,29.2,0.11,14.91,12.63,34.42,46.29,-2.93,37
1.98,-12.26,16.14,66.6,-18.41,118.51,-0.32,15.93,7.65,50.59,95.75,47.56,37
-0.3,1.56,18.82,84.33,-67.48,160.94,-7.01,20.95,-1.47,-3.71,87.89,20.85,37
2.29,3.0,23.25,15.67,-3.32,14.01,-0.69,19.62,5.37,2.39,-3.96,8.35,37
1.98,0.36,21.49,7.96,21.63,10.99,-1.17,20.12,4.52,1.37,2.15,6.74,37
0.47,0.81,21.27,3.81,7.47,4.64,-1.02,19.63,5.34,2.88,-3.56,-1.22,37
3.52,-7.91,17.88,-67.82,18.12,-164.21,2.47,19.9,4.66,2.25,3.42,-3.52,38
-1.16,-9.8,18.16,-34.38,1.17,-47.02,0.74,19.2,4.36,-0.29,6.84,-9.03,38
-0.73,-6.71,20.36,-2.88,-21.92,-8.5,0.28,19.23,4.4,-3.76,10.74,-3.12,38
-0.46,-5.98,21.29,-4.59,-4.44,9.23,0.35,19.08,4.38,-1.56,1.66,3.91,38
-1.58,-6.07,19.89,-2.39,-4.49,4.2,0.58,19.2,4.72,-0.83,0.29,-0.68,38
-0.47,-7.25,20.64,-2.0,-5.71,4.35,0.26,19.38,4.42,-1.07,0.05,-3.03,38
-0.61,-6.94,20.49,1.61,-2.1,1.42,-0.23,18.75,4.96,-1.56,0.59,-1.51,38
-0.45,-6.32,21.19,0.73,-3.37,1.86,0.39,18.89,5.47,-1.07,-0.24,1.07,38
-0.1,-7.03,20.48,2.44,-2.39,0.88,0.22,19.12,4.6,-0.44,0.63,0.73,38
-0.76,-7.14,20.32,0.54,-1.07,2.49,0.38,18.83,5.02,-0.73,-0.24,-0.73,38
0.28,-6.52,21.12,0.59,-4.15,3.81,0.14,19.0,4.69,-1.37,-0.05,1.37,38
-0.27,-7.23,20.68,-0.24,-1.07,2.25,0.31,19.41,4.77,-0.68,1.27,-0.54,38
-0.19,-7.34,20.3,1.61,-1.07,3.22,0.12,18.66,4.96,-1.47,1.95,-1.03,38
-0.52,-6.41,20.32,1.71,-3.17,2.2,1.07,19.29,6.36,-9.57,7.28,2.73,38
0.06,-6.22,21.15,2.1,-4.64,4.39,0.28,19.33,4.89,-4.54,9.57,1.07,38
-0.0,-6.87,20.46,-0.29,-1.9,5.18,-0.38,18.75,5.24,0.63,-2.15,-1.61,38
0.18,-7.14,20.69,2.39,-1.17,5.71,-0.53,18.94,5.41,-0.2,-0.49,0.34,38
-0.37,-6.55,20.59,0.73,0.44,3.27,0.13,19.43,5.86,0.54,-1.12,0.93,38
-0.08,-6.47,20.69,2.64,-1.81,1.66,0.21,18.64,5.44,0.88,-3.71,1.32,38
3.41,-11.11,23.54,12.7,12.3,41.8,-0.23,18.69,5.38,-0.49,-1.42,1.03,38
3.78,1.53,19.47,-84.96,78.17,-227.54,7.49,10.17,12.1,-79.35,-112.3,-58.59,39
-2.28,-13.7,15.66,-20.7,7.03,-59.13,-2.16,13.28,11.47,-24.07,-5.22,6.05,39
1.35,-11.22,23.01,9.47,-19.14,-21.63,1.5,21.21,12.81,0.24,-14.89,16.75,39
0.3,-7.55,22.16,-4.88,1.03,-0.2,0.24,17.34,10.0,-0.73,0.1,-3.42,39
-0.7,-6.4,21.32,-2.83,-5.86,2.05,-0.87,17.68,8.93,-3.03,0.44,-4.35,39
-0.45,-7.99,20.4,-0.78,-6.54,1.22,-1.15,16.94,10.29,-3.61,1.32,-1.46,39
-0.14,-9.1,18.97,1.07,-9.72,4.3,-0.22,15.81,10.94,-0.15,6.74,10.25,39
1.42,-9.24,20.71,19.58,-11.08,41.41,1.02,16.21,11.94,17.33,29.0,12.6,39
1.29,-7.87,20.92,44.19,-24.07,84.28,-0.18,19.69,8.38,38.72,58.5,48.49,39
-0.45,-2.93,20.86,43.65,12.6,78.27,0.32,21.74,6.22,43.51,46.24,21.63,39
-1.73,-0.59,20.75,20.8,-3.22,53.32,0.23,19.33,3.76,13.04,36.18,6.54,39
-2.01,-1.01,19.58,14.26,-14.65,27.05,0.75,19.44,3.21,6.84,21.44,23.34,39
-0.33,0.78,22.25,10.35,-8.69,7.32,2.76,20.11,4.15,1.86,1.95,7.91,39
0.04,0.32,22.35,0.63,-4.25,2.05,1.79,19.54,4.45,-4.2,0.29,0.39,39
-0.7,-1.04,21.03,-4.05,0.93,2.34,1.12,17.84,4.74,-2.39,1.9,-4.3,39
0.08,-1.09,21.24,0.49,-2.1,2.15,2.18,19.07,4.9,-1.81,1.86,2.78,39
-0.45,-0.86,21.54,-2.05,2.1,-1.27,1.78,19.25,4.89,-1.27,1.56,-0.98,39
0.34,-1.68,21.43,1.71,-2.78,-3.22,2.91,19.73,6.33,-0.78,-4.44,2.2,39
-0.49,-1.36,21.63,-1.76,1.22,0.63,0.88,19.37,4.89,-0.49,0.2,-5.13,39
-0.62,-2.05,20.24,-0.54,-3.37,-1.66,1.8,18.66,5.39,-1.66,-1.22,5.42,39
4.04,-9.0,11.65,-110.25,3.91,-251.61,9.78,16.8,5.26,-90.53,-195.17,-56.05,40
-1.09,-11.22,15.21,-26.81,11.91,-28.08,1.28,15.05,14.42,-16.06,-12.16,-21.73,40
-0.44,-7.64,20.98,-6.05,-5.76,0.05,-0.96,18.27,10.46,-11.43,3.37,4.88,40
-2.17,-5.58,20.27,-4.88,3.61,3.56,-1.9,17.79,8.04,-4.98,6.79,-1.9,40
-2.5,-6.88,19.45,-0.44,-5.27,2.93,-3.04,16.87,8.58,-4.44,1.32,1.42,40
-0.59,-5.76,21.99,-0.39,-6.45,4.79,-1.14,18.92,9.02,-3.66,2.98,4.3,40
-2.08,-5.66,20.65,-4.79,-0.73,4.15,-2.51,17.71,7.96,-4.1,4.2,-4.35,40
-2.11,-7.25,19.51,-4.3,-3.56,-0.44,-3.16,16.13,9.1,-5.66,-0.83,-1.66,40
-0.43,-6.32,20.88,2.2,-5.08,3.96,-1.33,17.85,9.43,-1.32,2.69,4.15,40
-1.04,-6.69,20.6,-0.54,-1.12,2.54,-1.99,17.82,9.54,-1.61,2.0,-0.05,40
-0.82,-7.51,20.04,1.66,-1.51,0.49,-2.03,16.74,9.83,0.1,-0.15,0.68,40
-0.63,-6.38,21.11,0.63,-1.61,3.96,-1.79,17.57,9.18,-0.29,4.1,-0.1,40
-1.44,-6.58,20.47,0.78,-1.27,4.74,-2.44,17.23,8.78,0.05,3.61,0.54,40
0.34,-10.11,21.09,8.2,-0.29,23.83,-1.5,16.7,11.32,10.89,15.92,6.45,40
1.19,-7.58,18.49,67.97,-7.86,129.25,-1.02,15.24,8.76,52.83,77.34,28.13,40
-3.58,6.35,17.97,51.95,-32.08,142.38,-3.21,22.32,1.11,43.41,92.68,56.35,40
-0.24,3.22,22.25,23.58,-13.87,30.96,0.64,22.06,2.91,10.64,10.69,16.06,40
-0.35,1.69,20.99,4.59,-0.44,14.26,0.2,19.7,3.68,-1.27,8.59,3.37,40
0.01,1.95,21.8,4.49,4.15,11.62,0.36,20.68,3.93,1.27,7.47,-1.37,40
-2.16,0.82,18.81,3.17,-1.86,5.42,-2.22,16.23,2.57,-1.61,4.74,-2.64,40
-1.51,-6.83,17.18,-4.88,9.28,-67.38,-0.05,8.24,5.93,-44.29,-86.67,18.6,41
0.48,-6.71,22.83,1.32,-13.43,-18.7,-0.3,17.94,9.37,-20.7,-16.11,16.26,41
-0.03,-4.96,21.87,-0.34,-2.15,0.15,0.42,17.89,8.5,-14.06,8.06,0.54,41
-1.01,-4.54,21.13,-2.1,-2.78,-2.34,0.05,18.51,7.46,-7.47,4.88,5.13,41
-0.39,-5.25,21.39,-4.93,-5.57,-0.88,-0.12,18.35,7.8,-7.18,1.71,2.0,41
-0.28,-5.17,20.64,-5.22,-2.49,0.68,-0.02,18.06,8.83,-5.81,1.71,-1.37,41
-0.12,-5.32,20.52,-1.07,-4.39,2.64,-0.04,17.5,8.93,-3.27,-0.63,-1.71,41
0.35,-6.21,20.69,2.93,-3.22,6.88,0.04,16.84,9.37,-1.71,3.42,1.46,41
1.52,-7.15,21.62,9.23,3.52,30.13,0.52,17.16,9.59,4.98,12.89,3.32,41
1.17,-7.97,20.16,25.49,1.22,76.95,1.2,16.47,10.02,21.73,32.71,7.81,41
0.97,-3.89,18.72,67.72,-6.79,121.19,0.17,16.63,6.73,46.34,77.0,13.09,41
-2.0,4.03,20.82,16.45,-15.09,58.4,-2.75,23.9,1.62,20.75,66.85,12.4,41
0.33,2.85,20.89,0.15,-0.44,6.1,-0.62,20.55,2.75,6.35,10.01,3.37,41
0.9,1.1,21.18,2.29,-6.4,-1.46,-0.52,19.22,3.11,-0.29,-1.56,5.86,41
0.89,1.39,21.6,1.86,-2.49,1.17,-0.56,19.35,2.99,-2.83,2.98,1.22,41
0.36,1.7,20.64,-1.47,-0.44,4.25,-0.38,19.14,3.24,-2.3,4.05,-1.9,41
0.76,1.24,21.35,0.63,-1.37,1.56,-0.52,19.22,3.3,-0.93,1.07,-0.15,41
0.36,1.14,20.94,-1.56,0.49,1.71,-0.55,19.2,3.75,-1.9,1.81,-1.81,41
0.46,0.79,21.05,0.44,-3.32,1.32,-0.74,19.4,3.6,-0.83,0.39,1.12,41
0.74,1.68,21.34,2.0,-2.1,2.15,-0.36,19.46,3.57,0.78,2.2,2.64,41
10.3,-17.74,24.66,-74.46,25.63,-220.85,-3.06,13.89,8.64,-25.34,-3.03,2.25,42
-0.92,-8.86,18.85,-16.11,-13.96,-19.82,0.08,17.74,11.14,2.44,-11.43,-1.66,42
0.05,-7.58,21.24,0.88,3.42,0.24,-0.54,16.67,8.84,-0.73,0.0,-0.34,42
-0.93,-6.88,19.83,-0.54,-3.03,0.98,-0.14,17.52,10.07,1.07,-1.71,-2.64,42
-0.23,-6.65,20.84,0.49,-0.63,-0.83,-0.86,17.53,9.76,0.29,-0.54,-0.78,42
-0.03,-6.06,21.35,3.52,-4.25,1.71,-0.7,17.08,9.54,0.2,-0.05,-0.83,42
-0.34,-6.55,20.48,1.32,-1.71,0.68,-0.55,17.79,10.01,0.1,-0.15,-0.2,42
0.32,-6.53,21.26,0.68,-1.22,0.34,-1.24,17.26,9.3,-0.78,1.22,-1.17,42
-0.43,-6.13,20.33,0.2,-3.17,1.32,-1.08,17.56,9.99,-2.0,1.46,0.05,42
0.45,-6.56,21.07,2.98,-9.62,3.37,-0.54,16.48,10.95,4.2,9.38,-0.34,42
1.96,-9.21,20.78,6.69,-5.86,16.99,3.36,12.84,11.98,53.42,85.64,23.63,42
4.98,-10.77,17.69,66.06,-18.26,154.3,-3.15,24.05,0.93,66.85,111.96,47.71,42
-3.23,6.34,18.22,64.26,-23.93,158.79,1.4,22.08,0.28,13.57,-0.49,11.57,42
0.01,6.18,22.31,20.56,-1.86,13.57,1.65,19.78,2.59,0.29,1.66,-3.76,42
0.41,2.11,20.94,-1.42,1.51,1.51,0.59,19.63,3.92,-1.66,-2.39,-3.66,42
0.22,0.26,21.45,-1.76,0.54,0.1,0.34,18.84,3.83,-1.76,0.49,-0.59,42
-0.01,-0.02,21.1,-0.24,-1.51,0.78,0.87,19.55,3.54,-0.93,1.42,0.34,42
0.35,0.95,21.51,-0.05,-1.66,2.29,0.35,19.09,3.28,-1.56,-0.83,-2.98,42
0.05,0.49,21.2,-0.78,0.1,0.59,0.12,18.82,3.92,-0.24,-0.88,-1.71,42
-0.14,-0.41,20.99,0.88,-1.9,0.05,0.35,19.09,3.52,-0.2,0.49,0.29,42
3.37,-0.22,18.82,-68.16,24.02,-174.85,-0.69,17.44,8.48,-5.66,7.13,2.34,43
-1.19,-8.04,18.01,10.79,16.21,-78.71,-0.84,17.99,8.87,-4.79,3.47,-0.93,43
-0.49,-7.83,20.74,7.81,-35.6,-16.5,-0.73,17.28,9.71,-1.71,2.2,0.93,43
0.09,-7.02,21.01,-4.74,-5.52,0.05,-0.7,17.46,9.5,-0.88,2.25,-1.9,43
-0.85,-5.51,20.15,-1.32,-4.59,6.05,-0.8,17.34,9.56,-1.03,1.27,0.0,43
-0.56,-5.57,20.69,-2.34,-3.96,3.17,-0.57,17.5,10.02,-0.54,1.46,0.0,43
-0.24,-6.63,20.43,-1.81,-1.95,3.22,-1.16,17.86,9.46,1.03,1.95,-2.2,43
-0.15,-6.48,20.7,-0.05,-2.69,3.42,-1.12,17.21,9.49,-2.44,3.76,-1.9,43
-0.02,-6.47,20.77,-0.05,-2.1,1.76,-1.29,17.37,9.56,1.07,1.42,-1.32,43
0.17,-6.7,20.75,1.07,-1.61,2.1,-0.97,17.57,10.23,1.46,2.54,1.81,43
-0.04,-6.09,20.46,2.34,-3.86,3.71,-0.92,17.6,10.27,3.32,10.16,0.83,43
-0.12,-6.16,20.87,-1.32,-2.34,4.74,-1.02,16.68,9.53,10.89,21.24,15.33,43
-0.35,-6.58,20.05,1.66,-0.39,4.49,-0.01,16.43,9.93,33.54,53.91,13.57,43
0.35,-7.0,20.9,2.64,-1.46,4.3,-0.81,16.61,7.24,38.82,65.82,34.03,43
0.18,-7.94,21.03,0.54,1.17,12.35,-2.15,19.03,0.93,13.38,48.39,8.15,43
-0.25,-6.9,19.67,11.28,-19.19,39.4,-0.4,19.92,2.63,3.42,16.02,-2.2,43
1.76,-9.02,20.47,31.79,-6.93,80.08,0.21,19.86,4.58,0.98,4.44,1.76,43
0.46,-3.74,20.36,54.39,-4.1,104.05,-0.35,18.75,4.45,2.29,-2.64,2.93,43
-1.43,2.81,21.53,29.1,-27.64,58.79,-0.93,18.95,2.03,-0.68,5.37,5.76,43
0.07,1.92,21.08,7.71,0.49,19.53,-1.31,18.55,2.85,-3.08,0.93,0.93,43
3.08,-3.49,20.17,-106.15,0.24,-135.35,-0.21,18.4,12.58,-23.14,-62.7,7.13,44
1.54,-9.07,19.29,-30.13,27.25,-78.12,-1.81,14.66,13.99,-18.41,-17.14,9.72,44
0.88,-12.0,17.98,-13.48,-7.13,-18.99,-1.26,17.01,12.24,-7.81,1.56,8.4,44
0.44,-8.07,20.49,-2.54,-9.42,3.22,-1.82,16.42,11.11,-5.18,3.66,1.42,44
0.23,-9.0,20.39,-1.17,-6.1,1.9,-3.36,15.07,11.04,1.27,-0.54,2.83,44
-1.65,-9.16,17.87,7.76,-7.62,1.86,-0.43,17.53,11.79,1.81,3.81,3.56,44
1.27,-8.48,21.3,4.1,-3.81,6.79,-1.52,16.2,10.73,2.39,5.62,-3.96,44
0.3,-8.07,19.56,1.56,1.71,6.2,-1.78,17.21,11.24,0.1,-0.1,-0.05,44
0.25,-8.19,20.73,4.35,-5.91,1.03,-2.26,15.73,10.95,-2.44,3.91,0.05,44
0.09,-8.51,19.32,0.68,-2.34,5.52,-2.44,16.44,10.57,-1.37,6.59,0.49,44
-0.13,-8.11,19.96,1.12,-5.47,9.03,-2.28,16.62,11.17,0.88,2.29,-3.56,44
0.77,-9.12,20.63,4.25,-5.42,7.96,-2.52,16.45,10.89,0.83,7.96,-5.32,44
0.58,-7.94,19.71,2.69,-4.0,10.99,-2.78,16.51,10.73,2.64,10.4,6.25,44
0.36,-7.83,20.09,4.98,-6.54,16.46,-1.08,16.05,12.31,10.4,20.56,20.41,44
0.97,-9.35,19.44,14.75,-2.15,39.89,-2.29,18.24,9.42,28.66,28.76,42.04,44
1.49,-7.76,22.19,33.45,-5.08,51.71,0.15,15.37,7.86,45.21,73.39,15.14,44
1.63,-6.45,20.47,47.22,5.18,101.22,-2.78,20.31,2.54,23.58,62.94,10.45,44
-2.38,2.65,22.03,31.45,-28.96,76.56,-1.35,20.6,3.11,9.72,34.57,-2.2,44
-1.0,3.32,21.42,28.52,-19.58,52.2,-1.83,19.49,3.19,-1.12,11.62,0.78,44
-1.16,1.74,20.87,5.91,-3.42,17.38,-1.42,19.43,4.64,-2.1,6.88,11.43,44
7.75,-17.4,13.93,-121.53,29.25,-166.16,-0.68,12.88,10.23,7.47,-9.67,32.62,45
0.41,-10.94,16.36,-14.45,-4.1,-23.63,2.06,20.05,8.87,6.54,12.3,19.14,45
0.76,-7.28,20.85,13.92,-11.47,3.61,0.68,16.68,8.63,-8.74,3.91,-2.98,45
0.81,-6.58,20.02,-2.54,-8.01,2.54,0.57,16.32,9.69,-1.61,0.1,-2.15,45
1.21,-8.61,19.31,0.2,-10.45,0.83,0.68,16.97,8.9,-5.42,5.37,-1.37,45
1.26,-7.8,19.77,4.49,-4.0,2.73,0.58,17.55,8.29,-10.16,4.35,-8.25,45
1.23,-6.22,20.67,-1.86,-4.35,2.98,0.75,17.84,9.79,-4.44,0.73,-3.22,45
1.88,-7.47,20.14,3.52,-5.32,1.17,1.0,18.68,10.07,-0.78,-0.78,-0.29,45
2.23,-7.26,20.88,2.34,-2.29,0.0,-0.05,16.17,9.48,-2.44,0.24,-2.98,45
1.95,-7.31,20.0,-2.25,-4.2,2.59,0.24,17.44,9.46,-2.39,1.51,-0.05,45
1.96,-7.05,20.47,2.54,-3.42,2.39,0.02,16.87,9.75,-3.91,4.0,0.73,45
2.06,-7.42,19.56,-0.29,-4.15,4.98,0.67,17.39,10.7,-0.88,5.42,2.15,45
2.66,-8.17,20.13,4.39,-1.56,7.52,1.03,17.89,10.91,24.41,7.71,17.87,45
3.22,-9.55,20.11,17.43,2.83,31.69,3.69,14.12,11.44,42.24,45.41,23.14,45
4.69,-10.99,19.38,37.99,-22.95,79.79,1.41,18.59,4.93,66.06,98.73,69.19,45
3.32,-3.65,16.73,81.15,-31.84,148.29,1.64,19.57,0.02,26.37,44.43,1.95,45
3.48,4.27,23.63,32.71,-12.84,64.99,3.4,18.3,2.94,-8.59,22.46,-12.55,45
4.27,2.86,21.02,9.08,5.13,20.65,1.67,19.3,3.22,-7.42,4.74,0.05,45
2.53,1.57,20.32,-0.34,-0.98,7.03,1.57,18.49,5.16,-4.49,-4.74,-1.81,45
2.92,-0.46,20.83,-4.93,-0.2,-2.34,1.22,17.95,4.9,-1.95,1.17,3.22,45
1.59,-6.97,19.83,-1.12,-0.78,3.08,2.08,16.24,11.23,-3.32,2.78,1.42,46
2.22,-7.27,20.53,-1.9,-3.96,2.83,1.32,15.64,11.21,-1.47,3.08,-0.1,46
1.87,-7.34,19.75,0.2,-2.54,4.44,1.7,16.02,11.06,-0.49,1.17,3.81,46
2.38,-7.37,20.38,4.44,-3.91,3.76,1.63,16.05,11.31,1.61,6.3,0.59,46
2.29,-7.81,19.8,2.39,0.1,8.98,1.33,16.61,11.66,2.93,8.79,6.88,46
1.98,-7.43,19.83,3.61,-7.18,14.94,1.51,14.67,11.54,13.38,8.98,-9.47,46
2.48,-6.99,19.05,13.53,-2.49,14.31,1.64,17.95,9.86,12.55,13.57,19.43,46
2.36,-6.35,22.14,21.53,-10.35,24.37,4.52,17.75,10.54,54.39,60.16,14.94,46
3.78,-6.61,20.31,34.23,7.28,113.87,-0.14,20.94,4.63,64.01,58.5,38.92,46
-0.49,1.6,19.4,86.18,-34.37,113.72,1.58,19.49,2.63,11.77,11.23,2.49,46
1.97,2.83,22.24,18.9,-5.08,23.63,1.72,17.96,3.06,-4.15,7.86,5.03,46
1.53,1.35,20.45,-1.32,-6.79,8.35,2.66,19.43,5.02,-2.93,3.13,-1.66,46
2.63,-0.17,21.71,-2.78,-3.08,4.3,2.02,17.85,5.54,-2.15,-2.05,-2.0,46
2.02,-1.58,20.59,-1.76,-1.12,0.05,1.55,18.81,4.82,-2.0,1.95,1.86,46
2.01,-0.46,20.88,-0.59,-2.83,3.22,2.0,18.68,4.86,-3.66,-1.12,1.27,46
2.77,-0.79,21.1,-3.32,-4.98,2.15,1.83,18.52,5.48,-2.39,0.44,-3.96,46
2.44,-1.12,21.09,-3.13,1.46,-0.44,1.72,18.61,5.67,-1.42,-2.15,0.73,46
2.27,-1.18,21.06,0.05,-1.27,-1.12,1.7,18.43,5.21,-0.93,1.07,0.63,46
2.18,-1.12,20.77,-0.98,-1.07,1.42,1.62,18.57,5.39,-1.42,0.0,1.32,46
2.33,-1.31,21.06,-0.54,-2.15,1.66,2.25,19.23,5.66,-0.15,0.0,1.17,46
7.14,-12.32,16.64,-93.9,19.63,-156.64,1.15,16.81,10.58,2.15,8.01,4.3,47
1.26,-9.73,19.88,-42.58,2.49,-33.5,0.59,16.89,9.31,2.29,7.32,1.46,47
0.83,-10.62,20.09,-38.77,-1.81,-13.72,0.66,17.05,9.71,6.69,20.41,4.74,47
-0.42,-8.59,19.64,-4.49,-9.47,6.3,1.5,16.75,10.65,20.9,32.28,15.72,47
-0.35,-8.44,20.23,1.42,-7.37,4.83,4.25,14.36,9.6,53.12,89.5,8.11,47
-0.11,-8.57,20.51,0.63,-5.71,3.86,-0.97,22.67,2.2,10.06,105.22,6.84,47
-0.18,-8.19,20.47,-3.71,-1.37,5.32,-0.22,18.86,3.2,2.1,22.9,-11.77,47
-0.45,-8.53,19.54,1.32,-7.32,4.88,-0.7,18.01,4.45,-6.79,3.61,11.13,47
0.02,-8.81,19.81,1.76,-4.83,6.05,-0.01,18.86,6.67,-3.27,-3.81,5.66,47
0.46,-8.96,19.99,3.71,-6.69,8.45,0.59,19.1,6.85,-1.86,-6.98,13.33,47
0.32,-8.92,20.24,5.47,-1.56,10.69,0.19,18.51,7.18,1.42,-2.25,-3.66,47
-0.3,-8.54,19.59,0.73,0.29,23.93,-0.51,18.24,5.85,-0.73,0.1,2.2,47
1.0,-10.64,20.91,16.02,-6.2,52.25,0.17,18.78,6.64,-2.25,1.37,5.22,47
1.49,-8.48,16.57,61.33,-28.37,142.92,0.57,18.81,5.65,4.39,-1.12,5.03,47
0.34,2.28,23.38,37.45,-70.95,110.79,0.04,18.1,5.24,8.64,-3.81,5.57,47
0.34,0.69,19.77,18.9,-4.1,27.2,3.46,21.22,8.78,3.17,-9.67,2.25,47
1.03,-0.48,20.71,2.0,-18.6,4.98,0.49,17.93,5.73,-0.73,-1.42,0.93,47
2.0,-1.87,20.97,-2.25,-6.79,0.98,0.98,18.74,5.95,-2.34,-1.86,5.03,47
3.62,-2.02,22.45,2.39,-14.45,-2.39,1.05,18.1,7.13,-1.17,-3.52,4.2,47
2.14,-2.73,20.45,1.03,3.86,0.63,1.44,18.54,6.3,-4.15,-0.78,0.24,47
9.76,-5.46,22.05,-65.67,64.4,-276.76,11.52,23.98,8.47,-42.24,-182.42,-73.78,48
2.05,-11.09,16.14,-31.84,13.62,-68.7,1.03,19.78,9.43,-26.51,-17.53,9.52,48
1.02,-7.03,20.53,-6.74,-20.41,-11.43,2.97,17.66,9.41,-19.63,-2.2,5.81,48
3.05,-6.76,21.59,-4.2,-22.66,4.69,3.39,16.43,9.08,-9.52,5.32,3.47,48
2.56,-6.99,21.15,-3.56,-7.47,2.73,2.96,17.13,10.36,-2.54,5.27,-3.47,48
4.38,-11.22,19.58,16.89,9.03,59.38,4.29,15.48,12.13,36.43,38.96,19.29,48
6.12,-6.09,16.19,39.55,-16.6,193.12,-1.37,15.91,3.38,69.24,154.39,56.93,48
0.74,1.98,23.53,40.33,-27.1,84.91,2.21,22.4,2.01,17.19,57.32,-12.26,48
-0.21,0.5,18.73,12.99,0.49,14.16,1.94,17.82,3.39,-7.08,8.35,7.67,48
2.67,-1.76,22.67,7.28,-23.44,-3.27,3.83,20.73,6.55,0.29,-4.64,17.33,48
2.8,-2.27,21.41,1.12,-3.66,3.66,3.0,18.63,5.75,-1.81,1.27,0.83,48
2.37,-1.98,20.8,5.52,-5.62,1.86,3.48,18.61,5.76,0.54,-2.64,6.01,48
3.01,-1.78,21.28,1.27,-2.83,2.73,3.51,18.68,5.55,-0.88,1.71,1.12,48
2.6,-1.8,21.17,0.59,-1.27,2.59,3.27,18.61,5.39,-0.15,1.22,0.0,48
2.8,-1.7,20.99,0.83,-1.51,2.39,3.37,18.65,5.37,-0.98,1.42,0.15,48
2.89,-2.08,21.17,0.68,-0.15,1.66,3.21,18.62,5.52,-0.63,1.51,-1.07,48
2.95,-2.53,21.15,1.86,0.98,3.37,3.53,19.01,5.58,2.49,2.1,-2.64,48
2.1,-2.28,20.72,0.34,2.39,5.57,2.64,18.16,5.41,1.81,2.73,-3.86,48
2.07,-1.61,20.64,0.83,-0.59,2.39,2.96,18.28,5.14,0.15,-0.44,1.42,48
2.6,-1.83,21.37,0.78,-0.2,2.25,2.82,18.73,4.98,-0.39,1.86,-1.61,48
2.66,-9.77,18.06,-61.33,83.54,-207.37,6.77,15.49,12.78,-44.09,-33.2,-0.05,49
0.35,-9.95,21.0,-14.36,-2.98,-39.11,2.89,17.31,11.67,-12.01,-6.1,2.64,49
0.37,-6.86,20.61,-2.39,-13.18,-2.69,3.76,17.2,10.34,-5.37,0.49,2.44,49
1.1,-7.11,21.34,5.47,-15.14,5.22,2.47,16.68,9.74,-2.05,0.59,1.27,49
0.03,-6.51,20.05,1.22,-8.25,1.46,2.01,16.53,10.1,-2.78,5.27,8.45,49
0.75,-5.41,21.04,3.71,-10.89,5.66,2.88,17.12,10.02,0.1,3.37,-0.05,49
0.95,-5.84,20.1,0.83,-2.0,6.05,2.43,16.73,10.07,-2.3,3.86,2.34,49
1.66,-7.26,20.75,1.07,-4.98,4.05,5.97,17.56,13.87,65.43,39.31,14.21,49
8.78,-13.39,21.41,44.68,-10.3,141.6,-0.81,19.14,3.46,98.05,136.43,37.3,49
-2.69,2.67,18.52,83.45,-29.2,153.27,-1.13,18.92,-1.85,7.32,35.89,18.7,49
-0.12,4.42,21.1,10.99,-19.43,15.58,3.2,19.04,2.93,-9.86,-1.81,25.24,49
2.69,2.71,21.58,4.1,-21.68,8.69,3.28,19.62,5.18,-5.37,-7.28,-3.96,49
2.78,-0.9,21.27,-4.59,-2.73,-2.83,2.36,18.57,5.12,0.83,-0.05,-0.93,49
2.25,-1.02,20.72,1.32,-0.88,4.83,2.84,19.02,5.13,-1.12,1.66,-2.29,49
2.39,-0.04,20.87,-6.35,0.24,-1.61,2.47,18.67,4.83,-2.34,-0.2,-1.32,49
2.55,-0.54,21.46,1.22,-0.39,4.69,2.08,18.49,5.14,-1.86,0.05,0.98,49
2.05,-1.01,20.94,0.93,-2.05,1.86,2.68,18.96,5.22,0.83,-1.56,1.76,49
2.66,-0.94,21.31,1.9,-7.23,3.52,2.44,18.66,4.99,-2.0,1.03,-0.73,49
2.38,-1.67,20.74,-4.74,0.49,-4.15,2.33,18.42,4.72,-0.59,1.42,0.59,49
2.64,-0.96,21.11,3.42,-1.86,3.08,2.37,18.7,4.97,-1.27,1.42,0.29,49
4.13,3.06,17.19,-78.81,19.73,-170.85,4.43,18.41,9.42,-55.22,-51.37,-9.81,50
6.78,-8.82,21.19,-47.02,-10.79,-88.43,1.78,15.09,11.2,-25.1,-10.35,-10.35,50
4.54,-8.63,19.85,-16.55,0.59,-21.34,1.94,17.24,10.93,-4.05,4.05,-3.03,50
3.31,-6.28,20.37,-4.1,2.39,3.86,1.06,17.13,9.19,-2.73,6.1,0.29,50
2.55,-5.26,20.66,-1.22,-3.66,2.69,0.34,17.0,8.22,-2.39,5.08,0.93,50
2.61,-4.68,20.96,3.42,-2.83,3.76,1.1,17.23,9.74,-2.25,0.34,1.37,50
2.78,-5.49,20.7,0.34,-3.52,2.83,1.07,17.67,9.98,-2.15,-0.24,-2.54,50
3.07,-5.71,20.51,-2.54,-1.51,-0.24,1.03,17.72,9.76,-1.07,1.07,0.54,50
2.87,-5.32,20.67,-0.15,-1.32,1.17,0.99,17.09,9.68,-0.68,0.88,0.59,50
2.94,-5.49,20.24,1.42,-1.42,1.61,1.93,15.31,11.3,-2.78,12.06,7.08,50
4.82,-9.88,19.21,6.01,-3.47,23.93,6.3,15.48,13.94,77.05,71.04,35.6,50
7.65,-7.83,17.46,68.16,14.94,165.63,-1.17,21.66,3.61,59.91,82.32,47.75,50
-0.87,3.04,20.52,50.78,-17.77,108.74,2.87,19.91,0.44,29.05,33.54,11.87,50
2.18,5.77,21.82,36.91,-2.98,41.8,3.28,19.09,-0.56,-1.17,-1.07,6.79,50
1.63,4.65,20.56,-1.07,-3.71,-10.16,2.41,18.88,3.59,-7.62,-7.86,-1.37,50
2.16,-0.01,21.79,-3.96,-4.64,-8.25,2.16,17.92,5.13,-5.62,-4.64,-1.32,50
1.9,-1.6,20.61,-2.3,-5.42,-2.0,4.24,18.99,5.42,-1.27,-1.46,7.86,50
3.02,-0.41,21.39,1.61,-5.52,4.35,3.5,18.89,4.4,-3.91,0.15,0.44,50
2.89,0.09,21.38,-4.74,2.2,-4.2,2.7,18.35,4.6,-2.1,0.49,-0.54,50
2.36,-0.94,21.02,0.54,-0.73,0.05,3.08,18.47,4.65,-0.83,1.03,1.71,50
